AH_AnalogNo,AH_Time,AH_Value
19534,2018/3/27 00:12:40.000,883671.429
19534,2018/3/27 00:27:40.000,883672
19534,2018/3/27 00:42:40.000,883673.024
19534,2018/3/27 00:57:43.000,883674.429
19534,2018/3/27 01:12:39.000,883675.008
19534,2018/3/27 01:27:38.000,883676.032
19534,2018/3/27 01:42:40.000,883677.429
19534,2018/3/27 01:52:39.000,883678.016
19534,2018/3/27 02:07:40.000,883679.429
19534,2018/3/27 02:22:40.000,883680
19534,2018/3/27 02:37:38.000,883681.024
19534,2018/3/27 02:57:38.000,883682.429
19534,2018/3/27 03:07:40.000,883683.008
19534,2018/3/27 03:22:40.000,883684.429
19534,2018/3/27 03:42:43.000,883685.429
19534,2018/3/27 03:52:43.000,883686.016
19534,2018/3/27 04:07:42.000,883687.429
19534,2018/3/27 04:22:40.000,883688
19534,2018/3/27 04:37:41.000,883689.024
19534,2018/3/27 04:52:42.000,883690.429
19534,2018/3/27 05:02:40.000,883691.008
19534,2018/3/27 05:17:40.000,883692.032
19534,2018/3/27 05:32:40.000,883693.429
19534,2018/3/27 05:47:40.000,883694.016
19534,2018/3/27 06:02:39.000,883695.429
19534,2018/3/27 06:17:39.000,883696
19534,2018/3/27 06:32:45.000,883697.024
19534,2018/3/27 06:47:46.000,883698.429
19534,2018/3/27 07:02:47.000,883699.008
19534,2018/3/27 07:07:45.000,883700.429
19534,2018/3/27 07:17:46.000,883701.429
19534,2018/3/27 07:27:47.000,883702.016
19534,2018/3/27 07:42:47.000,883703.429
19534,2018/3/27 07:47:48.000,883704
19534,2018/3/27 07:57:47.000,883705.024
19534,2018/3/27 08:12:47.000,883707.008
19534,2018/3/27 08:22:48.000,883708.032
19534,2018/3/27 08:32:47.000,883709.429
19534,2018/3/27 08:42:47.000,883710.016
19534,2018/3/27 08:52:46.000,883711.429
19534,2018/3/27 09:17:47.000,883714.429
19534,2018/3/27 09:27:48.000,883715.008
19534,2018/3/27 09:37:50.000,883716.429
19534,2018/3/27 09:47:49.000,883717.429
19534,2018/3/27 09:57:50.000,883718.016
19534,2018/3/27 10:02:49.000,883719.429
19534,2018/3/27 10:12:48.000,883720
19534,2018/3/27 10:22:45.000,883721.024
19534,2018/3/27 10:32:43.000,883722.429
19534,2018/3/27 10:42:45.000,883723.008
19534,2018/3/27 10:47:44.000,883724.032
19534,2018/3/27 10:57:45.000,883725.429
19534,2018/3/27 11:07:43.000,883726.016
19534,2018/3/27 11:17:43.000,883727.429
19534,2018/3/27 11:27:44.000,883728
19534,2018/3/27 11:37:43.000,883729.024
19534,2018/3/27 11:42:46.000,883730.429
19534,2018/3/27 11:52:44.000,883731.008
19534,2018/3/27 12:02:45.000,883732.429
19534,2018/3/27 12:12:44.000,883733.429
19534,2018/3/27 12:22:45.000,883734.016
19534,2018/3/27 12:27:45.000,883735.429
19534,2018/3/27 12:37:45.000,883736
19534,2018/3/27 12:47:43.000,883737.024
19534,2018/3/27 12:57:44.000,883738.429
19534,2018/3/27 13:07:43.000,883739.008
19534,2018/3/27 13:12:44.000,883740.032
19534,2018/3/27 13:22:44.000,883741.429
19534,2018/3/27 13:32:44.000,883742.016
19534,2018/3/27 13:42:44.000,883743.429
19534,2018/3/27 13:52:45.000,883744
19534,2018/3/27 14:02:44.000,883745.024
19534,2018/3/27 14:12:43.000,883746.429
19534,2018/3/27 14:17:43.000,883747.008
19534,2018/3/27 14:27:44.000,883748.429
19534,2018/3/27 14:37:44.000,883749.429
19534,2018/3/27 14:47:44.000,883750.016
19534,2018/3/27 14:57:45.000,883751.429
19534,2018/3/27 15:07:43.000,883752
19534,2018/3/27 15:22:42.000,883753.024
19534,2018/3/27 15:27:44.000,883754.429
19534,2018/3/27 15:37:46.000,883755.008
19534,2018/3/27 15:47:44.000,883756.032
19534,2018/3/27 15:57:43.000,883757.429
19534,2018/3/27 16:07:43.000,883758.016
19534,2018/3/27 16:17:45.000,883759.429
19534,2018/3/27 16:27:44.000,883760
19534,2018/3/27 16:37:45.000,883761.024
19534,2018/3/27 16:47:44.000,883762.429
19534,2018/3/27 16:57:44.000,883763.008
19534,2018/3/27 17:07:45.000,883764.429
19534,2018/3/27 17:17:44.000,883765.429
19534,2018/3/27 17:27:42.000,883766.016
19534,2018/3/27 17:37:43.000,883767.429
19534,2018/3/27 17:42:44.000,883768
19534,2018/3/27 17:52:43.000,883769.024
19534,2018/3/27 18:12:46.000,883771.008
19534,2018/3/27 18:22:45.000,883772.032
19534,2018/3/27 18:32:44.000,883773.429
19534,2018/3/27 18:42:42.000,883774.016
19534,2018/3/27 18:52:42.000,883775.429
19534,2018/3/27 19:02:42.000,883776
19534,2018/3/27 19:12:47.000,883777.024
19534,2018/3/27 19:22:44.000,883778.429
19534,2018/3/27 19:32:43.000,883779.008
19534,2018/3/27 19:42:42.000,883780.429
19534,2018/3/27 19:57:42.000,883781.429
19534,2018/3/27 20:02:43.000,883782.016
19534,2018/3/27 20:12:44.000,883783.429
19534,2018/3/27 20:22:42.000,883784
19534,2018/3/27 20:32:44.000,883785.024
19534,2018/3/27 20:42:43.000,883786.429
19534,2018/3/27 20:52:44.000,883787.008
19534,2018/3/27 21:02:48.000,883788.032
19534,2018/3/27 21:12:43.000,883789.429
19534,2018/3/27 21:27:49.000,883790.016
19534,2018/3/27 21:32:47.000,883791.429
19534,2018/3/27 21:42:45.000,883792
19534,2018/3/27 21:47:47.000,883793.024
19534,2018/3/27 22:07:43.000,883794.429
19534,2018/3/27 22:17:44.000,883795.008
19534,2018/3/27 22:32:48.000,883796.429
19534,2018/3/27 22:47:47.000,883797.429
19534,2018/3/27 23:02:48.000,883798.016
19534,2018/3/27 23:17:47.000,883799.429
19534,2018/3/27 23:27:48.000,883800
19534,2018/3/27 23:42:48.000,883801.024
19534,2018/3/27 23:57:47.000,883802.429
19534,2018/3/28 00:12:49.000,883803.008
19534,2018/3/28 00:27:48.000,883804.032
19534,2018/3/28 00:42:47.000,883805.429
19534,2018/3/28 00:57:48.000,883806.016
19534,2018/3/28 01:12:49.000,883807.429
19534,2018/3/28 01:27:49.000,883808
19534,2018/3/28 01:42:47.000,883809.024
19534,2018/3/28 01:52:53.000,883810.429
19534,2018/3/28 02:12:52.000,883811.008
19534,2018/3/28 02:22:47.000,883812.429
19534,2018/3/28 02:42:50.000,883813.429
19534,2018/3/28 02:52:47.000,883814.016
19534,2018/3/28 03:07:48.000,883815.429
19534,2018/3/28 03:27:51.000,883816
19534,2018/3/28 03:37:55.000,883817.024
19534,2018/3/28 03:52:56.000,883818.429
19534,2018/3/28 04:04:23.000,883819.008
19534,2018/3/28 04:18:23.000,883820.032
19534,2018/3/28 04:37:03.000,883821.429
19534,2018/3/28 05:02:51.000,883823.429
19534,2018/3/28 05:17:00.000,883824
19534,2018/3/28 05:40:42.000,883825.024
19534,2018/3/28 06:07:12.000,883827.008
19534,2018/3/28 06:35:06.000,883829.429
19534,2018/3/28 07:22:06.000,883833.024
19534,2018/3/28 08:19:35.000,883839.429
19534,2018/3/28 08:25:13.000,883840
19534,2018/3/28 08:36:31.000,883841.024
19534,2018/3/28 08:44:24.000,883842.429
19534,2018/3/28 08:53:12.000,883843.008
19534,2018/3/28 09:12:22.000,883845.429
19534,2018/3/28 09:22:22.000,883846.016
19534,2018/3/28 09:32:23.000,883847.429
19534,2018/3/28 09:42:22.000,883848
19534,2018/3/28 09:52:23.000,883849.024
19534,2018/3/28 10:02:20.000,883850.429
19534,2018/3/28 10:12:22.000,883851.008
19534,2018/3/28 10:22:24.000,883852.032
19534,2018/3/28 10:32:22.000,883853.429
19534,2018/3/28 10:42:24.000,883854.016
19534,2018/3/28 10:57:21.000,883855.429
19534,2018/3/28 11:02:20.000,883856
19534,2018/3/28 11:17:22.000,883857.024
19534,2018/3/28 11:27:22.000,883858.429
19534,2018/3/28 11:32:22.000,883859.008
19534,2018/3/28 11:47:23.000,883860.429
19534,2018/3/28 11:52:23.000,883861.429
19534,2018/3/28 12:02:25.000,883862.016
19534,2018/3/28 12:07:22.000,883863.429
19534,2018/3/28 12:22:24.000,883864
19534,2018/3/28 12:27:23.000,883865.024
19534,2018/3/28 12:37:24.000,883866.429
19534,2018/3/28 12:47:23.000,883867.008
19534,2018/3/28 12:57:24.000,883868.032
19534,2018/3/28 13:07:24.000,883869.429
19534,2018/3/28 13:17:24.000,883870.016
19534,2018/3/28 13:27:24.000,883871.429
19534,2018/3/28 13:37:24.000,883872
19534,2018/3/28 13:47:23.000,883873.024
19534,2018/3/28 13:57:22.000,883874.429
19534,2018/3/28 14:07:20.000,883875.008
19534,2018/3/28 14:17:20.000,883876.429
19534,2018/3/28 14:27:18.000,883877.429
19534,2018/3/28 14:37:19.000,883878.016
19534,2018/3/28 14:47:19.000,883879.429
19534,2018/3/28 14:57:18.000,883880
19534,2018/3/28 15:07:21.000,883881.024
19534,2018/3/28 15:17:18.000,883882.429
19534,2018/3/28 15:27:20.000,883883.008
19534,2018/3/28 15:37:18.000,883884.032
19534,2018/3/28 15:47:20.000,883885.429
19534,2018/3/28 15:57:18.000,883886.016
19534,2018/3/28 16:07:19.000,883887.429
19534,2018/3/28 16:22:18.000,883888
19534,2018/3/28 16:32:21.000,883889.024
19534,2018/3/28 16:42:19.000,883890.429
19534,2018/3/28 16:52:20.000,883891.008
19534,2018/3/28 17:07:19.000,883892.429
19534,2018/3/28 17:12:19.000,883893.429
19534,2018/3/28 17:22:18.000,883894.016
19534,2018/3/28 17:32:19.000,883895.429
19534,2018/3/28 17:42:18.000,883896
19534,2018/3/28 17:57:18.000,883897.024
19534,2018/3/28 18:02:19.000,883898.429
19534,2018/3/28 18:12:17.000,883899.008
19534,2018/3/28 18:22:18.000,883900.032
19534,2018/3/28 18:32:19.000,883901.429
19534,2018/3/28 18:47:20.000,883902.016
19534,2018/3/28 18:57:19.000,883903.429
19534,2018/3/28 19:07:19.000,883904
19534,2018/3/28 19:17:20.000,883905.024
19534,2018/3/28 19:32:18.000,883906.429
19534,2018/3/28 19:37:19.000,883907.008
19534,2018/3/28 19:52:19.000,883908.429
19534,2018/3/28 19:57:20.000,883909.429
19534,2018/3/28 20:07:20.000,883910.016
19534,2018/3/28 20:17:22.000,883911.429
19534,2018/3/28 20:27:23.000,883912
19534,2018/3/28 20:37:24.000,883913.024
19534,2018/3/28 20:47:23.000,883914.429
19534,2018/3/28 20:57:28.000,883915.008
19534,2018/3/28 21:07:22.000,883916.032
19534,2018/3/28 21:17:24.000,883917.429
19534,2018/3/28 21:27:22.000,883918.016
19534,2018/3/28 21:37:21.000,883919.429
19534,2018/3/28 21:47:25.000,883920
19534,2018/3/28 22:02:22.000,883921.024
19534,2018/3/28 22:17:22.000,883922.429
19534,2018/3/28 22:32:21.000,883923.008
19534,2018/3/28 22:47:23.000,883924.429
19534,2018/3/28 23:02:24.000,883925.429
19534,2018/3/28 23:17:21.000,883926.016
19534,2018/3/28 23:32:19.000,883927.429
19534,2018/3/28 23:52:21.000,883928
19534,2018/3/29 00:02:19.000,883929.024
19534,2018/3/29 00:17:19.000,883930.429
19534,2018/3/29 00:32:18.000,883931.008
19534,2018/3/29 00:52:25.000,883932.032
19534,2018/3/29 01:02:21.000,883933.429
19534,2018/3/29 01:17:21.000,883934.016
19534,2018/3/29 01:32:19.000,883935.429
19534,2018/3/29 01:47:22.000,883936
19534,2018/3/29 02:02:20.000,883937.024
19534,2018/3/29 02:17:21.000,883938.429
19534,2018/3/29 02:37:20.000,883939.008
19534,2018/3/29 02:47:19.000,883940.429
19534,2018/3/29 03:02:21.000,883941.429
19534,2018/3/29 03:12:20.000,883942.016
19534,2018/3/29 03:27:19.000,883943.429
19534,2018/3/29 03:42:19.000,883944
19534,2018/3/29 03:57:19.000,883945.024
19534,2018/3/29 04:17:21.000,883946.429
19534,2018/3/29 04:27:20.000,883947.008
19534,2018/3/29 04:42:21.000,883948.032
19534,2018/3/29 04:57:20.000,883949.429
19534,2018/3/29 05:12:25.000,883950.016
19534,2018/3/29 05:27:21.000,883951.429
19534,2018/3/29 05:42:21.000,883952
19534,2018/3/29 05:57:21.000,883953.024
19534,2018/3/29 06:12:20.000,883954.429
19534,2018/3/29 06:27:24.000,883955.008
19534,2018/3/29 06:42:26.000,883956.429
19534,2018/3/29 07:02:24.000,883957.429
19534,2018/3/29 07:07:24.000,883958.016
19534,2018/3/29 07:17:24.000,883959.429
19534,2018/3/29 07:27:25.000,883960
19534,2018/3/29 07:37:26.000,883961.024
19534,2018/3/29 07:47:25.000,883962.429
19534,2018/3/29 07:57:26.000,883963.008
19534,2018/3/29 08:07:24.000,883964.032
19534,2018/3/29 08:17:20.000,883965.429
19534,2018/3/29 08:27:20.000,883966.016
19534,2018/3/29 08:37:19.000,883967.429
19534,2018/3/29 08:47:20.000,883968
19534,2018/3/29 08:57:19.000,883969.024
19534,2018/3/29 09:07:18.000,883970.429
19534,2018/3/29 09:17:21.000,883971.008
19534,2018/3/29 09:27:20.000,883972.429
19534,2018/3/29 09:37:19.000,883973.429
19534,2018/3/29 09:52:20.000,883974.016
19534,2018/3/29 09:57:20.000,883975.429
19534,2018/3/29 10:02:20.000,883976
19534,2018/3/29 10:12:21.000,883977.024
19534,2018/3/29 10:22:21.000,883978.429
19534,2018/3/29 10:32:21.000,883979.008
19534,2018/3/29 10:42:19.000,883980.032
19534,2018/3/29 10:52:20.000,883981.429
19534,2018/3/29 11:02:20.000,883982.016
19534,2018/3/29 11:12:20.000,883983.429
19534,2018/3/29 11:22:19.000,883984
19534,2018/3/29 11:27:21.000,883985.024
19534,2018/3/29 11:37:19.000,883986.429
19534,2018/3/29 11:47:21.000,883987.008
19534,2018/3/29 11:57:19.000,883988.429
19534,2018/3/29 12:07:21.000,883989.429
19534,2018/3/29 12:17:20.000,883990.016
19534,2018/3/29 12:22:19.000,883991.429
19534,2018/3/29 12:32:20.000,883992
19534,2018/3/29 12:42:21.000,883993.024
19534,2018/3/29 12:52:18.000,883994.429
19534,2018/3/29 13:02:20.000,883995.008
19534,2018/3/29 13:12:20.000,883996.032
19534,2018/3/29 13:22:22.000,883997.429
19534,2018/3/29 13:27:23.000,883998.016
19534,2018/3/29 13:37:21.000,883999.429
19534,2018/3/29 13:47:24.000,884000
19534,2018/3/29 13:57:24.000,884001.024
19534,2018/3/29 14:07:24.000,884002.429
19534,2018/3/29 14:17:23.000,884003.008
19534,2018/3/29 14:27:23.000,884004.429
19534,2018/3/29 14:37:23.000,884005.429
19534,2018/3/29 14:47:23.000,884006.016
19534,2018/3/29 14:57:24.000,884007.429
19534,2018/3/29 15:07:25.000,884008
19534,2018/3/29 15:17:23.000,884009.024
19534,2018/3/29 15:27:23.000,884010.429
19534,2018/3/29 15:37:23.000,884011.008
19534,2018/3/29 15:47:23.000,884012.032
19534,2018/3/29 15:57:22.000,884013.429
19534,2018/3/29 16:07:22.000,884014.016
19534,2018/3/29 16:17:23.000,884015.429
19534,2018/3/29 16:27:22.000,884016
19534,2018/3/29 16:37:23.000,884017.024
19534,2018/3/29 16:47:23.000,884018.429
19534,2018/3/29 16:57:25.000,884019.008
19534,2018/3/29 17:07:24.000,884020.429
19534,2018/3/29 17:17:23.000,884021.429
19534,2018/3/29 17:27:22.000,884022.016
19534,2018/3/29 17:37:24.000,884023.429
19534,2018/3/29 17:47:23.000,884024
19534,2018/3/29 18:02:23.000,884025.024
19534,2018/3/29 18:12:24.000,884026.429
19534,2018/3/29 18:22:24.000,884027.008
19534,2018/3/29 18:32:24.000,884028.032
19534,2018/3/29 18:42:23.000,884029.429
19534,2018/3/29 18:52:23.000,884030.016
19534,2018/3/29 19:02:24.000,884031.429
19534,2018/3/29 19:12:29.000,884032
19534,2018/3/29 19:22:23.000,884033.024
19534,2018/3/29 19:32:24.000,884034.429
19534,2018/3/29 19:42:23.000,884035.008
19534,2018/3/29 20:07:23.000,884037.429
19534,2018/3/29 20:17:22.000,884038.016
19534,2018/3/29 20:27:21.000,884039.429
19534,2018/3/29 20:42:24.000,884040
19534,2018/3/29 20:47:21.000,884041.024
19534,2018/3/29 20:57:22.000,884042.429
19534,2018/3/29 21:07:23.000,884043.008
19534,2018/3/29 21:17:21.000,884044.032
19534,2018/3/29 21:27:23.000,884045.429
19534,2018/3/29 21:37:22.000,884046.016
19534,2018/3/29 21:52:21.000,884047.429
19534,2018/3/29 22:12:20.000,884048
19534,2018/3/29 22:17:23.000,884049.024
19534,2018/3/29 22:32:23.000,884050.429
19534,2018/3/29 22:47:21.000,884051.008
19534,2018/3/29 23:02:23.000,884052.429
19534,2018/3/29 23:17:21.000,884053.429
19534,2018/3/29 23:32:22.000,884054.016
19534,2018/3/29 23:47:22.000,884055.429
19534,2018/3/30 00:02:23.000,884056
19534,2018/3/30 00:17:25.000,884057.024
19534,2018/3/30 00:32:22.000,884058.429
19534,2018/3/30 00:47:24.000,884059.008
19534,2018/3/30 01:02:22.000,884060.032
19534,2018/3/30 01:17:22.000,884061.429
19534,2018/3/30 01:32:26.000,884062.016
19534,2018/3/30 01:47:26.000,884063.429
19534,2018/3/30 02:02:27.000,884064
19534,2018/3/30 02:17:27.000,884065.024
19534,2018/3/30 02:32:22.000,884066.429
19534,2018/3/30 02:52:23.000,884067.008
19534,2018/3/30 03:02:22.000,884068.429
19534,2018/3/30 03:17:23.000,884069.429
19534,2018/3/30 03:32:21.000,884070.016
19534,2018/3/30 03:47:21.000,884071.429
19534,2018/3/30 04:02:22.000,884072
19534,2018/3/30 04:17:22.000,884073.024
19534,2018/3/30 04:32:22.000,884074.429
19534,2018/3/30 04:52:22.000,884075.008
19534,2018/3/30 05:02:23.000,884076.032
19534,2018/3/30 05:17:22.000,884077.429
19534,2018/3/30 05:32:22.000,884078.016
19534,2018/3/30 05:47:23.000,884079.429
19534,2018/3/30 06:02:22.000,884080
19534,2018/3/30 06:17:23.000,884081.024
19534,2018/3/30 06:32:22.000,884082.429
19534,2018/3/30 06:47:25.000,884083.008
19534,2018/3/30 06:57:25.000,884084.429
19534,2018/3/30 07:07:25.000,884085.429
19534,2018/3/30 07:17:26.000,884086.016
19534,2018/3/30 07:27:25.000,884087.429
19534,2018/3/30 07:37:21.000,884088
19534,2018/3/30 07:52:26.000,884089.024
19534,2018/3/30 08:02:26.000,884090.429
19534,2018/3/30 08:12:25.000,884091.008
19534,2018/3/30 08:22:24.000,884092.032
19534,2018/3/30 08:32:26.000,884093.429
19534,2018/3/30 08:42:25.000,884094.016
19534,2018/3/30 08:52:25.000,884095.429
19534,2018/3/30 09:02:25.000,884096
19534,2018/3/30 09:12:26.000,884097.024
19534,2018/3/30 09:22:25.000,884098.429
19534,2018/3/30 09:32:25.000,884099.008
19534,2018/3/30 09:42:25.000,884100.429
19534,2018/3/30 09:52:26.000,884101.429
19534,2018/3/30 10:02:26.000,884102.016
19534,2018/3/30 10:12:25.000,884103.429
19534,2018/3/30 10:22:23.000,884104
19534,2018/3/30 10:32:26.000,884105.024
19534,2018/3/30 10:42:24.000,884106.429
19534,2018/3/30 10:52:25.000,884107.008
19534,2018/3/30 11:02:27.000,884108.032
19534,2018/3/30 11:12:25.000,884109.429
19534,2018/3/30 11:22:26.000,884110.016
19534,2018/3/30 11:32:26.000,884111.429
19534,2018/3/30 11:42:29.000,884112
19534,2018/3/30 11:52:30.000,884113.024
19534,2018/3/30 11:57:28.000,884114.429
19534,2018/3/30 12:07:28.000,884115.008
19534,2018/3/30 12:17:30.000,884116.429
19534,2018/3/30 12:27:28.000,884117.429
19534,2018/3/30 12:37:29.000,884118.016
19534,2018/3/30 12:47:30.000,884119.429
19534,2018/3/30 12:57:31.000,884120
19534,2018/3/30 13:07:30.000,884121.024
19534,2018/3/30 13:17:30.000,884122.429
19534,2018/3/30 13:27:30.000,884123.008
19534,2018/3/30 13:37:31.000,884124.032
19534,2018/3/30 13:47:28.000,884125.429
19534,2018/3/30 13:57:27.000,884126.016
19534,2018/3/30 14:07:28.000,884127.429
19534,2018/3/30 14:17:27.000,884128
19534,2018/3/30 14:27:29.000,884129.024
19534,2018/3/30 14:37:28.000,884130.429
19534,2018/3/30 14:47:29.000,884131.008
19534,2018/3/30 14:57:28.000,884132.429
19534,2018/3/30 15:07:29.000,884133.429
19534,2018/3/30 15:17:29.000,884134.016
19534,2018/3/30 15:27:26.000,884135.429
19534,2018/3/30 15:37:28.000,884136
19534,2018/3/30 15:47:31.000,884137.024
19534,2018/3/30 15:57:29.000,884138.429
19534,2018/3/30 16:07:28.000,884139.008
19534,2018/3/30 16:22:29.000,884140.032
19534,2018/3/30 16:27:28.000,884141.429
19534,2018/3/30 16:37:30.000,884142.016
19534,2018/3/30 16:47:29.000,884143.429
19534,2018/3/30 16:57:28.000,884144
19534,2018/3/30 17:07:29.000,884145.024
19534,2018/3/30 17:17:32.000,884146.429
19534,2018/3/30 17:27:29.000,884147.008
19534,2018/3/30 17:42:27.000,884148.429
19534,2018/3/30 17:47:27.000,884149.429
19534,2018/3/30 17:57:28.000,884150.016
19534,2018/3/30 18:07:28.000,884151.429
19534,2018/3/30 18:17:29.000,884152
19534,2018/3/30 18:32:29.000,884153.024
19534,2018/3/30 18:42:28.000,884154.429
19534,2018/3/30 18:52:28.000,884155.008
19534,2018/3/30 19:02:31.000,884156.032
19534,2018/3/30 19:12:30.000,884157.429
19534,2018/3/30 19:22:30.000,884158.016
19534,2018/3/30 19:32:33.000,884159.429
19534,2018/3/30 19:37:28.000,884160
19534,2018/3/30 19:47:30.000,884161.024
19534,2018/3/30 19:57:29.000,884162.429
19534,2018/3/30 20:07:28.000,884163.008
19534,2018/3/30 20:17:30.000,884164.429
19534,2018/3/30 20:27:29.000,884165.429
19534,2018/3/30 20:37:31.000,884166.016
19534,2018/3/30 20:47:28.000,884167.429
19534,2018/3/30 21:02:29.000,884168
19534,2018/3/30 21:07:28.000,884169.024
19534,2018/3/30 21:17:36.000,884170.429
19534,2018/3/30 21:27:31.000,884171.008
19534,2018/3/30 21:37:29.000,884172.032
19534,2018/3/30 21:47:34.000,884173.429
19534,2018/3/30 21:57:30.000,884174.016
19534,2018/3/30 22:12:29.000,884175.429
19534,2018/3/30 22:27:33.000,884176
19534,2018/3/30 22:42:30.000,884177.024
19534,2018/3/30 22:57:31.000,884178.429
19534,2018/3/30 23:12:30.000,884179.008
19534,2018/3/30 23:27:34.000,884180.429
19534,2018/3/30 23:42:38.000,884181.429
19534,2018/3/30 23:57:34.000,884182.016
19534,2018/3/31 00:12:36.000,884183.429
19534,2018/3/31 00:27:43.000,884184
19534,2018/3/31 00:42:37.000,884185.024
19534,2018/3/31 01:07:35.000,884186.429
19534,2018/3/31 01:12:34.000,884187.008
19534,2018/3/31 01:22:36.000,884188.032
19534,2018/3/31 01:37:34.000,884189.429
19534,2018/3/31 01:52:33.000,884190.016
19534,2018/3/31 02:07:35.000,884191.429
19534,2018/3/31 02:27:35.000,884192
19534,2018/3/31 02:37:34.000,884193.024
19534,2018/3/31 02:52:36.000,884194.429
19534,2018/3/31 03:07:33.000,884195.008
19534,2018/3/31 03:22:34.000,884196.429
19534,2018/3/31 03:37:34.000,884197.429
19534,2018/3/31 03:52:35.000,884198.016
19534,2018/3/31 04:07:34.000,884199.429
19534,2018/3/31 04:22:34.000,884200
19534,2018/3/31 04:37:34.000,884201.024
19534,2018/3/31 04:52:35.000,884202.429
19534,2018/3/31 05:07:35.000,884203.008
19534,2018/3/31 05:22:36.000,884204.032
19534,2018/3/31 05:37:36.000,884205.429
19534,2018/3/31 05:52:36.000,884206.016
19534,2018/3/31 06:07:32.000,884207.429
19534,2018/3/31 06:22:31.000,884208
19534,2018/3/31 06:42:32.000,884209.024
19534,2018/3/31 06:52:32.000,884210.429
19534,2018/3/31 07:02:33.000,884211.008
19534,2018/3/31 07:12:32.000,884212.429
19534,2018/3/31 07:22:33.000,884213.429
19534,2018/3/31 07:32:33.000,884214.016
19534,2018/3/31 07:42:33.000,884215.429
19534,2018/3/31 07:52:32.000,884216
19534,2018/3/31 08:02:33.000,884217.024
19534,2018/3/31 08:12:31.000,884218.429
19534,2018/3/31 08:22:33.000,884219.008
19534,2018/3/31 08:32:32.000,884220.032
19534,2018/3/31 08:42:33.000,884221.429
19534,2018/3/31 08:52:33.000,884222.016
19534,2018/3/31 09:02:34.000,884223.429
19534,2018/3/31 09:12:36.000,884224
19534,2018/3/31 09:22:35.000,884225.024
19534,2018/3/31 09:32:34.000,884226.429
19534,2018/3/31 09:42:33.000,884227.008
19534,2018/3/31 09:52:34.000,884228.429
19534,2018/3/31 10:02:34.000,884229.429
19534,2018/3/31 10:12:34.000,884230.016
19534,2018/3/31 10:22:37.000,884231.429
19534,2018/3/31 10:37:34.000,884232
19534,2018/3/31 10:52:33.000,884233.024
19534,2018/3/31 10:57:34.000,884234.429
19534,2018/3/31 11:07:32.000,884235.008
19534,2018/3/31 11:17:35.000,884236.032
19534,2018/3/31 11:32:33.000,884237.429
19534,2018/3/31 11:37:34.000,884238.016
19534,2018/3/31 11:47:34.000,884239.429
19534,2018/3/31 11:57:34.000,884240
19534,2018/3/31 12:07:34.000,884241.024
19534,2018/3/31 12:17:35.000,884242.429
19534,2018/3/31 12:27:35.000,884243.008
19534,2018/3/31 12:37:35.000,884244.429
19534,2018/3/31 12:47:35.000,884245.429
19534,2018/3/31 12:57:34.000,884246.016
19534,2018/3/31 13:07:36.000,884247.429
19534,2018/3/31 13:17:37.000,884248
19534,2018/3/31 13:27:36.000,884249.024
19534,2018/3/31 13:37:38.000,884250.429
19534,2018/3/31 13:47:35.000,884251.008
19534,2018/3/31 13:57:37.000,884252.032
19534,2018/3/31 14:07:36.000,884253.429
19534,2018/3/31 14:17:35.000,884254.016
19534,2018/3/31 14:27:35.000,884255.429
19534,2018/3/31 14:37:36.000,884256
19534,2018/3/31 14:47:35.000,884257.024
19534,2018/3/31 14:57:36.000,884258.429
19534,2018/3/31 15:07:35.000,884259.008
19534,2018/3/31 15:17:36.000,884260.429
19534,2018/3/31 15:27:37.000,884261.429
19534,2018/3/31 15:37:36.000,884262.016
19534,2018/3/31 15:47:35.000,884263.429
19534,2018/3/31 16:02:40.000,884264
19534,2018/3/31 16:07:39.000,884265.024
19534,2018/3/31 16:17:39.000,884266.429
19534,2018/3/31 16:27:40.000,884267.008
19534,2018/3/31 16:37:39.000,884268.032
19534,2018/3/31 16:42:40.000,884269.429
19534,2018/3/31 16:52:40.000,884270.016
19534,2018/3/31 17:02:37.000,884271.429
19534,2018/3/31 17:12:41.000,884272
19534,2018/3/31 17:22:43.000,884273.024
19534,2018/3/31 17:32:41.000,884274.429
19534,2018/3/31 17:42:39.000,884275.008
19534,2018/3/31 17:52:40.000,884276.429
19534,2018/3/31 18:02:41.000,884277.429
19534,2018/3/31 18:12:39.000,884278.016
19534,2018/3/31 18:22:39.000,884279.429
19534,2018/3/31 18:32:40.000,884280
19534,2018/3/31 18:47:42.000,884281.024
19534,2018/3/31 19:07:41.000,884283.008
19534,2018/3/31 19:17:40.000,884284.032
19534,2018/3/31 19:27:40.000,884285.429
19534,2018/3/31 19:37:39.000,884286.016
19534,2018/3/31 19:47:40.000,884287.429
19534,2018/3/31 19:57:41.000,884288
19534,2018/3/31 20:07:41.000,884289.024
19534,2018/3/31 20:17:40.000,884290.429
19534,2018/3/31 20:27:40.000,884291.008
19534,2018/3/31 20:37:40.000,884292.429
19534,2018/3/31 20:47:39.000,884293.429
19534,2018/3/31 20:57:41.000,884294.016
19534,2018/3/31 21:07:40.000,884295.429
19534,2018/3/31 21:17:44.000,884296
19534,2018/3/31 21:32:41.000,884297.024
19534,2018/3/31 21:37:41.000,884298.429
19534,2018/3/31 21:47:41.000,884299.008
19534,2018/3/31 21:57:39.000,884300.032
19534,2018/3/31 22:12:41.000,884301.429
19534,2018/3/31 22:27:41.000,884302.016
19534,2018/3/31 22:42:43.000,884303.429
19534,2018/3/31 22:57:41.000,884304
19534,2018/3/31 23:12:40.000,884305.024
19534,2018/3/31 23:27:40.000,884306.429
19534,2018/3/31 23:42:44.000,884307.008
19534,2018/3/31 23:57:40.000,884308.429
19534,2018/4/1 00:12:37.000,884309.429
19534,2018/4/1 00:27:41.000,884310.016
19534,2018/4/1 00:42:42.000,884311.429
19534,2018/4/1 00:57:38.000,884312
19534,2018/4/1 01:12:47.000,884313.024
19534,2018/4/1 01:27:44.000,884314.429
19534,2018/4/1 01:47:48.000,884315.008
19534,2018/4/1 01:57:43.000,884316.032
19534,2018/4/1 02:12:45.000,884317.429
19534,2018/4/1 02:27:44.000,884318.016
19534,2018/4/1 02:42:44.000,884319.429
19534,2018/4/1 02:57:46.000,884320
19534,2018/4/1 03:07:44.000,884321.024
19534,2018/4/1 03:22:44.000,884322.429
19534,2018/4/1 03:37:44.000,884323.008
19534,2018/4/1 03:52:43.000,884324.429
19534,2018/4/1 04:07:44.000,884325.429
19534,2018/4/1 04:22:44.000,884326.016
19534,2018/4/1 04:37:47.000,884327.429
19534,2018/4/1 04:52:43.000,884328
19534,2018/4/1 05:07:43.000,884329.024
19534,2018/4/1 05:22:44.000,884330.429
19534,2018/4/1 05:37:44.000,884331.008
19534,2018/4/1 05:52:43.000,884332.032
19534,2018/4/1 06:07:45.000,884333.429
19534,2018/4/1 06:37:45.000,884335.429
19534,2018/4/1 06:52:44.000,884336
19534,2018/4/1 07:02:45.000,884337.024
19534,2018/4/1 07:12:45.000,884338.429
19534,2018/4/1 07:22:46.000,884339.008
19534,2018/4/1 07:32:46.000,884340.429
19534,2018/4/1 07:42:49.000,884341.429
19534,2018/4/1 07:52:46.000,884342.016
19534,2018/4/1 08:02:46.000,884343.429
19534,2018/4/1 08:12:46.000,884344
19534,2018/4/1 08:22:46.000,884345.024
19534,2018/4/1 08:32:45.000,884346.429
19534,2018/4/1 08:47:47.000,884347.008
19534,2018/4/1 08:57:47.000,884348.032
19534,2018/4/1 09:07:47.000,884349.429
19534,2018/4/1 09:17:46.000,884350.016
19534,2018/4/1 09:27:45.000,884351.429
19534,2018/4/1 09:37:46.000,884352
19534,2018/4/1 09:47:46.000,884353.024
19534,2018/4/1 09:57:47.000,884354.429
19534,2018/4/1 10:07:46.000,884355.008
19534,2018/4/1 10:17:45.000,884356.429
19534,2018/4/1 10:27:46.000,884357.429
19534,2018/4/1 10:37:49.000,884358.016
19534,2018/4/1 10:47:47.000,884359.429
19534,2018/4/1 10:57:46.000,884360
19534,2018/4/1 11:12:46.000,884361.024
19534,2018/4/1 11:17:45.000,884362.429
19534,2018/4/1 11:27:47.000,884363.008
19534,2018/4/1 11:37:46.000,884364.032
19534,2018/4/1 11:47:46.000,884365.429
19534,2018/4/1 11:57:45.000,884366.016
19534,2018/4/1 12:12:45.000,884367.429
19534,2018/4/1 12:17:45.000,884368
19534,2018/4/1 12:27:46.000,884369.024
19534,2018/4/1 12:37:46.000,884370.429
19534,2018/4/1 12:47:47.000,884371.008
19534,2018/4/1 12:57:47.000,884372.429
19534,2018/4/1 13:07:45.000,884373.429
19534,2018/4/1 13:17:46.000,884374.016
19534,2018/4/1 13:27:45.000,884375.429
19534,2018/4/1 13:37:47.000,884376
19534,2018/4/1 13:47:45.000,884377.024
19534,2018/4/1 13:57:48.000,884378.429
19534,2018/4/1 14:12:46.000,884379.008
19534,2018/4/1 14:22:47.000,884380.032
19534,2018/4/1 14:32:49.000,884381.429
19534,2018/4/1 14:42:45.000,884382.016
19534,2018/4/1 14:52:45.000,884383.429
19534,2018/4/1 15:02:45.000,884384
19534,2018/4/1 15:12:47.000,884385.024
19534,2018/4/1 15:22:46.000,884386.429
19534,2018/4/1 15:32:48.000,884387.008
19534,2018/4/1 15:42:46.000,884388.429
19534,2018/4/1 15:52:47.000,884389.429
19534,2018/4/1 16:02:46.000,884390.016
19534,2018/4/1 16:12:46.000,884391.429
19534,2018/4/1 16:22:46.000,884392
19534,2018/4/1 16:32:47.000,884393.024
19534,2018/4/1 16:42:47.000,884394.429
19534,2018/4/1 16:52:45.000,884395.008
19534,2018/4/1 17:02:46.000,884396.032
19534,2018/4/1 17:12:46.000,884397.429
19534,2018/4/1 17:22:45.000,884398.016
19534,2018/4/1 17:27:47.000,884399.429
19534,2018/4/1 17:42:45.000,884400
19534,2018/4/1 17:47:45.000,884401.024
19534,2018/4/1 17:57:47.000,884402.429
19534,2018/4/1 18:07:47.000,884403.008
19534,2018/4/1 18:17:47.000,884404.429
19534,2018/4/1 18:27:46.000,884405.429
19534,2018/4/1 18:37:46.000,884406.016
19534,2018/4/1 18:47:51.000,884407.429
19534,2018/4/1 18:57:51.000,884408
19534,2018/4/1 19:07:47.000,884409.024
19534,2018/4/1 19:17:49.000,884410.429
19534,2018/4/1 19:27:48.000,884411.008
19534,2018/4/1 19:37:50.000,884412.032
19534,2018/4/1 19:47:48.000,884413.429
19534,2018/4/1 19:57:45.000,884414.016
19534,2018/4/1 20:07:48.000,884415.429
19534,2018/4/1 20:17:46.000,884416
19534,2018/4/1 20:27:46.000,884417.024
19534,2018/4/1 20:37:48.000,884418.429
19534,2018/4/1 20:47:47.000,884419.008
19534,2018/4/1 20:57:47.000,884420.429
19534,2018/4/1 21:07:46.000,884421.429
19534,2018/4/1 21:22:47.000,884423.429
19534,2018/4/1 21:32:47.000,884424
19534,2018/4/1 21:42:48.000,884425.024
19534,2018/4/1 21:52:47.000,884426.429
19534,2018/4/1 22:07:48.000,884427.008
19534,2018/4/1 22:32:46.000,884428.032
19534,2018/4/1 22:37:46.000,884429.429
19534,2018/4/1 22:52:46.000,884430.016
19534,2018/4/1 23:07:47.000,884431.429
19534,2018/4/1 23:22:48.000,884432
19534,2018/4/1 23:37:46.000,884433.024
19534,2018/4/1 23:52:47.000,884434.429
19534,2018/4/2 00:07:46.000,884435.008
19534,2018/4/2 00:27:46.000,884436.429
19534,2018/4/2 00:37:47.000,884437.429
19534,2018/4/2 00:47:52.000,884438.016
19534,2018/4/2 01:02:47.000,884439.429
19534,2018/4/2 01:17:47.000,884440
19534,2018/4/2 01:32:47.000,884441.024
19534,2018/4/2 01:52:47.000,884442.429
19534,2018/4/2 02:07:47.000,884443.008
19534,2018/4/2 02:27:45.000,884444.032
19534,2018/4/2 02:37:49.000,884445.429
19534,2018/4/2 02:52:48.000,884446.016
19534,2018/4/2 03:07:47.000,884447.429
19534,2018/4/2 03:22:46.000,884448
19534,2018/4/2 03:37:49.000,884449.024
19534,2018/4/2 03:52:49.000,884450.429
19534,2018/4/2 04:07:50.000,884451.008
19534,2018/4/2 04:22:49.000,884452.429
19534,2018/4/2 04:37:52.000,884453.429
19534,2018/4/2 04:52:48.000,884454.016
19534,2018/4/2 05:12:48.000,884455.429
19534,2018/4/2 05:27:45.000,884456
19534,2018/4/2 05:42:50.000,884457.024
19534,2018/4/2 05:57:49.000,884458.429
19534,2018/4/2 06:12:50.000,884459.008
19534,2018/4/2 06:27:55.000,884460.032
19534,2018/4/2 06:42:51.000,884461.429
19534,2018/4/2 07:02:50.000,884462.016
19534,2018/4/2 07:07:51.000,884463.429
19534,2018/4/2 07:17:50.000,884464
19534,2018/4/2 07:27:51.000,884465.024
19534,2018/4/2 07:42:49.000,884466.429
19534,2018/4/2 07:52:52.000,884467.008
19534,2018/4/2 08:02:50.000,884468.429
19534,2018/4/2 08:12:52.000,884469.429
19534,2018/4/2 08:22:51.000,884470.016
19534,2018/4/2 08:32:51.000,884471.429
19534,2018/4/2 08:42:49.000,884472
19534,2018/4/2 08:52:51.000,884473.024
19534,2018/4/2 09:02:50.000,884474.429
19534,2018/4/2 09:12:49.000,884475.008
19534,2018/4/2 09:17:50.000,884476.032
19534,2018/4/2 09:22:48.000,884477.429
19534,2018/4/2 09:27:51.000,884478.016
19534,2018/4/2 09:32:50.000,884479.429
19534,2018/4/2 09:37:49.000,884480
19534,2018/4/2 09:42:49.000,884482.429
19534,2018/4/2 09:47:50.000,884483.008
19534,2018/4/2 09:52:50.000,884484.429
19534,2018/4/2 09:57:51.000,884485.429
19534,2018/4/2 10:02:52.000,884486.016
19534,2018/4/2 10:07:51.000,884487.429
19534,2018/4/2 10:12:52.000,884488
19534,2018/4/2 10:17:50.000,884489.024
19534,2018/4/2 10:22:51.000,884491.008
19534,2018/4/2 10:27:52.000,884492.032
19534,2018/4/2 10:32:50.000,884493.429
19534,2018/4/2 10:37:51.000,884494.016
19534,2018/4/2 10:42:53.000,884495.429
19534,2018/4/2 10:47:51.000,884496
19534,2018/4/2 10:52:50.000,884497.024
19534,2018/4/2 10:57:50.000,884498.429
19534,2018/4/2 11:02:52.000,884500.429
19534,2018/4/2 11:07:52.000,884501.429
19534,2018/4/2 11:12:51.000,884502.016
19534,2018/4/2 11:17:52.000,884503.429
19534,2018/4/2 11:22:51.000,884504
19534,2018/4/2 11:27:50.000,884505.024
19534,2018/4/2 11:32:50.000,884506.429
19534,2018/4/2 11:37:50.000,884507.008
19534,2018/4/2 11:42:51.000,884509.429
19534,2018/4/2 11:47:51.000,884510.016
19534,2018/4/2 11:52:53.000,884511.429
19534,2018/4/2 11:57:52.000,884512
19534,2018/4/2 12:02:50.000,884513.024
19534,2018/4/2 12:07:52.000,884514.429
19534,2018/4/2 12:12:50.000,884515.008
19534,2018/4/2 12:17:52.000,884516.429
19534,2018/4/2 12:22:52.000,884517.429
19534,2018/4/2 12:27:52.000,884519.429
19534,2018/4/2 12:32:52.000,884520
19534,2018/4/2 12:37:51.000,884521.024
19534,2018/4/2 12:42:53.000,884522.429
19534,2018/4/2 12:47:51.000,884523.008
19534,2018/4/2 12:52:50.000,884524.032
19534,2018/4/2 12:57:49.000,884525.429
19534,2018/4/2 13:02:51.000,884526.016
19534,2018/4/2 13:07:50.000,884527.429
19534,2018/4/2 13:12:49.000,884529.024
19534,2018/4/2 13:17:50.000,884530.429
19534,2018/4/2 13:22:51.000,884531.008
19534,2018/4/2 13:27:54.000,884532.429
19534,2018/4/2 13:32:52.000,884533.429
19534,2018/4/2 13:37:51.000,884534.016
19534,2018/4/2 13:42:50.000,884535.429
19534,2018/4/2 13:47:49.000,884536
19534,2018/4/2 13:52:50.000,884537.024
19534,2018/4/2 13:57:55.000,884539.008
19534,2018/4/2 14:02:50.000,884540.032
19534,2018/4/2 14:07:51.000,884541.429
19534,2018/4/2 14:12:49.000,884542.016
19534,2018/4/2 14:17:51.000,884543.429
19534,2018/4/2 14:22:51.000,884544
19534,2018/4/2 14:27:51.000,884545.024
19534,2018/4/2 14:32:52.000,884546.429
19534,2018/4/2 14:37:51.000,884548.429
19534,2018/4/2 14:42:51.000,884549.429
19534,2018/4/2 14:47:52.000,884550.016
19534,2018/4/2 14:52:53.000,884551.429
19534,2018/4/2 14:57:52.000,884552
19534,2018/4/2 15:02:50.000,884553.024
19534,2018/4/2 15:07:52.000,884554.429
19534,2018/4/2 15:12:53.000,884555.008
19534,2018/4/2 15:17:53.000,884556.032
19534,2018/4/2 15:22:51.000,884558.016
19534,2018/4/2 15:27:51.000,884559.429
19534,2018/4/2 15:37:52.000,884561.024
19534,2018/4/2 15:42:53.000,884562.429
19534,2018/4/2 15:47:54.000,884563.008
19534,2018/4/2 15:52:52.000,884564.429
19534,2018/4/2 15:58:05.000,884565.429
19534,2018/4/2 16:02:53.000,884566.016
19534,2018/4/2 16:08:05.000,884568
19534,2018/4/2 16:22:52.000,884571.008
19534,2018/4/2 16:32:52.000,884573.429
19534,2018/4/2 16:37:53.000,884574.016
19534,2018/4/2 16:52:53.000,884578.429
19534,2018/4/2 16:57:52.000,884579.008
19534,2018/4/2 17:02:51.000,884580.429
19534,2018/4/2 17:07:52.000,884581.429
19534,2018/4/2 17:12:52.000,884582.016
19534,2018/4/2 17:17:50.000,884583.429
19534,2018/4/2 17:22:55.000,884584
19534,2018/4/2 17:27:53.000,884585.024
19534,2018/4/2 17:37:55.000,884588.032
19534,2018/4/2 17:42:55.000,884589.429
19534,2018/4/2 17:47:55.000,884590.016
19534,2018/4/2 17:52:56.000,884591.429
19534,2018/4/2 17:57:55.000,884592
19534,2018/4/2 18:02:55.000,884593.024
19534,2018/4/2 18:17:56.000,884596.429
19534,2018/4/2 18:22:56.000,884598.016
19534,2018/4/2 18:28:00.000,884599.429
19534,2018/4/2 18:32:57.000,884600
19534,2018/4/2 18:37:56.000,884601.024
19534,2018/4/2 18:43:00.000,884602.429
19534,2018/4/2 18:47:55.000,884603.008
19534,2018/4/2 18:52:58.000,884604.032
19534,2018/4/2 18:57:57.000,884605.429
19534,2018/4/2 19:02:56.000,884606.016
19534,2018/4/2 19:07:56.000,884608
19534,2018/4/2 19:12:57.000,884609.024
19534,2018/4/2 19:17:55.000,884610.429
19534,2018/4/2 19:22:55.000,884611.008
19534,2018/4/2 19:27:55.000,884612.429
19534,2018/4/2 19:32:54.000,884613.429
19534,2018/4/2 19:37:56.000,884614.016
19534,2018/4/2 19:42:56.000,884615.429
19534,2018/4/2 19:47:56.000,884616
19534,2018/4/2 19:52:55.000,884618.429
19534,2018/4/2 19:57:56.000,884619.008
19534,2018/4/2 20:02:58.000,884620.032
19534,2018/4/2 20:07:56.000,884621.429
19534,2018/4/2 20:12:57.000,884622.016
19534,2018/4/2 20:17:55.000,884623.429
19534,2018/4/2 20:22:57.000,884624
19534,2018/4/2 20:27:55.000,884625.024
19534,2018/4/2 20:32:56.000,884626.429
19534,2018/4/2 20:42:57.000,884629.429
19534,2018/4/2 20:47:58.000,884630.016
19534,2018/4/2 20:52:57.000,884631.429
19534,2018/4/2 20:57:57.000,884632
19534,2018/4/2 21:02:55.000,884633.024
19534,2018/4/2 21:07:57.000,884634.429
19534,2018/4/2 21:12:59.000,884635.008
19534,2018/4/2 21:17:58.000,884636.032
19534,2018/4/2 21:22:55.000,884638.016
19534,2018/4/2 21:27:58.000,884639.429
19534,2018/4/2 21:32:58.000,884640
19534,2018/4/2 21:37:59.000,884641.024
19534,2018/4/2 21:42:57.000,884642.429
19534,2018/4/2 21:47:57.000,884643.008
19534,2018/4/2 21:52:56.000,884644.429
19534,2018/4/2 21:57:56.000,884645.429
19534,2018/4/2 22:02:57.000,884646.016
19534,2018/4/2 22:07:55.000,884647.429
19534,2018/4/2 22:12:57.000,884648
19534,2018/4/2 22:18:00.000,884649.024
19534,2018/4/2 22:22:55.000,884650.429
19534,2018/4/2 22:28:00.000,884651.008
19534,2018/4/2 22:32:57.000,884652.032
19534,2018/4/2 22:37:56.000,884653.429
19534,2018/4/2 22:48:02.000,884655.429
19534,2018/4/2 22:52:57.000,884656
19534,2018/4/2 23:02:55.000,884658.429
19534,2018/4/2 23:07:58.000,884659.008
19534,2018/4/2 23:12:58.000,884660.429
19534,2018/4/2 23:17:56.000,884661.429
19534,2018/4/2 23:22:57.000,884662.016
19534,2018/4/2 23:27:55.000,884663.429
19534,2018/4/2 23:32:55.000,884664
19534,2018/4/2 23:37:55.000,884665.024
19534,2018/4/2 23:47:56.000,884666.429
19534,2018/4/2 23:57:55.000,884668.032
19534,2018/4/3 00:12:56.000,884671.429
19534,2018/4/3 00:17:56.000,884672
19534,2018/4/3 00:22:55.000,884673.024
19534,2018/4/3 00:32:57.000,884675.008
19534,2018/4/3 00:37:56.000,884676.429
19534,2018/4/3 00:42:56.000,884677.429
19534,2018/4/3 00:47:55.000,884678.016
19534,2018/4/3 00:52:56.000,884679.429
19534,2018/4/3 00:57:55.000,884680
19534,2018/4/3 01:02:55.000,884681.024
19534,2018/4/3 01:07:56.000,884682.429
19534,2018/4/3 01:12:56.000,884683.008
19534,2018/4/3 01:17:55.000,884684.032
19534,2018/4/3 01:22:56.000,884685.429
19534,2018/4/3 01:27:56.000,884686.016
19534,2018/4/3 01:37:55.000,884688
19534,2018/4/3 01:42:56.000,884689.024
19534,2018/4/3 01:52:56.000,884690.429
19534,2018/4/3 01:57:56.000,884691.008
19534,2018/4/3 02:02:55.000,884692.429
19534,2018/4/3 02:07:59.000,884693.429
19534,2018/4/3 02:13:00.000,884694.016
19534,2018/4/3 02:18:00.000,884695.429
19534,2018/4/3 02:22:59.000,884696
19534,2018/4/3 02:28:07.000,884697.024
19534,2018/4/3 02:32:56.000,884698.429
19534,2018/4/3 02:37:59.000,884699.008
19534,2018/4/3 02:43:01.000,884700.032
19534,2018/4/3 02:48:00.000,884701.429
19534,2018/4/3 02:53:01.000,884702.016
19534,2018/4/3 02:58:00.000,884703.429
19534,2018/4/3 03:03:01.000,884704
19534,2018/4/3 03:08:00.000,884705.024
19534,2018/4/3 03:13:01.000,884706.429
19534,2018/4/3 03:18:01.000,884707.008
19534,2018/4/3 03:23:01.000,884708.429
19534,2018/4/3 03:28:01.000,884709.429
19534,2018/4/3 03:33:03.000,884710.016
19534,2018/4/3 03:37:59.000,884711.429
19534,2018/4/3 03:43:03.000,884712
19534,2018/4/3 03:48:00.000,884713.024
19534,2018/4/3 04:03:01.000,884715.008
19534,2018/4/3 04:08:00.000,884716.032
19534,2018/4/3 04:13:02.000,884717.429
19534,2018/4/3 04:18:00.000,884718.016
19534,2018/4/3 04:23:01.000,884719.429
19534,2018/4/3 04:28:00.000,884720
19534,2018/4/3 04:32:59.000,884721.024
19534,2018/4/3 04:38:05.000,884722.429
19534,2018/4/3 04:43:02.000,884723.008
19534,2018/4/3 04:48:02.000,884724.429
19534,2018/4/3 04:53:04.000,884725.429
19534,2018/4/3 04:58:04.000,884726.016
19534,2018/4/3 05:03:00.000,884727.429
19534,2018/4/3 05:08:02.000,884728
19534,2018/4/3 05:13:02.000,884729.024
19534,2018/4/3 05:18:00.000,884730.429
19534,2018/4/3 05:23:01.000,884731.008
19534,2018/4/3 05:28:02.000,884732.032
19534,2018/4/3 05:33:01.000,884733.429
19534,2018/4/3 05:38:02.000,884734.016
19534,2018/4/3 05:53:02.000,884736
19534,2018/4/3 05:58:02.000,884737.024
19534,2018/4/3 06:03:02.000,884738.429
19534,2018/4/3 06:08:01.000,884739.008
19534,2018/4/3 06:13:01.000,884740.429
19534,2018/4/3 06:18:00.000,884741.429
19534,2018/4/3 06:23:03.000,884742.016
19534,2018/4/3 06:28:00.000,884743.429
19534,2018/4/3 06:33:02.000,884744
19534,2018/4/3 06:43:01.000,884746.429
19534,2018/4/3 06:53:00.000,884748.032
19534,2018/4/3 06:58:02.000,884749.429
19534,2018/4/3 07:03:02.000,884750.016
19534,2018/4/3 07:08:01.000,884751.429
19534,2018/4/3 07:13:00.000,884752
19534,2018/4/3 07:18:02.000,884753.024
19534,2018/4/3 07:23:01.000,884754.429
19534,2018/4/3 07:28:01.000,884756.429
19534,2018/4/3 07:33:00.000,884757.429
19534,2018/4/3 07:38:01.000,884758.016
19534,2018/4/3 07:43:01.000,884759.429
19534,2018/4/3 07:48:00.000,884760
19534,2018/4/3 07:53:01.000,884761.024
19534,2018/4/3 07:58:01.000,884762.429
19534,2018/4/3 08:03:02.000,884763.008
19534,2018/4/3 08:08:01.000,884764.032
19534,2018/4/3 08:13:01.000,884766.016
19534,2018/4/3 08:18:01.000,884767.429
19534,2018/4/3 08:23:00.000,884768
19534,2018/4/3 08:28:03.000,884769.024
19534,2018/4/3 08:33:01.000,884770.429
19534,2018/4/3 08:38:01.000,884771.008
19534,2018/4/3 08:43:00.000,884772.429
19534,2018/4/3 08:48:00.000,884773.429
19534,2018/4/3 08:53:01.000,884775.429
19534,2018/4/3 08:58:00.000,884776
19534,2018/4/3 09:02:58.000,884777.024
19534,2018/4/3 09:08:00.000,884778.429
19534,2018/4/3 09:13:00.000,884779.008
19534,2018/4/3 09:18:00.000,884780.032
19534,2018/4/3 09:23:00.000,884781.429
19534,2018/4/3 09:28:00.000,884782.016
19534,2018/4/3 09:37:59.000,884785.024
19534,2018/4/3 09:43:04.000,884786.429
19534,2018/4/3 09:47:59.000,884787.008
19534,2018/4/3 09:52:59.000,884788.429
19534,2018/4/3 09:58:00.000,884789.429
19534,2018/4/3 10:02:59.000,884790.016
19534,2018/4/3 10:07:59.000,884792
19534,2018/4/3 10:12:58.000,884793.024
19534,2018/4/3 10:18:00.000,884794.429
19534,2018/4/3 10:22:59.000,884795.008
19534,2018/4/3 10:27:58.000,884796.032
19534,2018/4/3 10:32:59.000,884797.429
19534,2018/4/3 10:37:59.000,884798.016
19534,2018/4/3 10:43:01.000,884799.429
19534,2018/4/3 10:47:59.000,884801.024
19534,2018/4/3 10:52:59.000,884802.429
19534,2018/4/3 10:57:58.000,884803.008
19534,2018/4/3 11:03:02.000,884804.429
19534,2018/4/3 11:07:59.000,884805.429
19534,2018/4/3 11:12:57.000,884806.016
19534,2018/4/3 11:17:58.000,884807.429
19534,2018/4/3 11:23:00.000,884809.024
19534,2018/4/3 11:27:58.000,884810.429
19534,2018/4/3 11:33:03.000,884811.008
19534,2018/4/3 11:42:58.000,884813.429
19534,2018/4/3 11:47:59.000,884814.016
19534,2018/4/3 11:52:58.000,884815.429
19534,2018/4/3 11:58:00.000,884816
19534,2018/4/3 12:02:59.000,884818.429
19534,2018/4/3 12:07:59.000,884819.008
19534,2018/4/3 12:12:58.000,884820.429
19534,2018/4/3 12:17:59.000,884821.429
19534,2018/4/3 12:23:00.000,884822.016
19534,2018/4/3 12:27:59.000,884823.429
19534,2018/4/3 12:32:58.000,884824
19534,2018/4/3 12:38:00.000,884825.024
19534,2018/4/3 12:42:59.000,884827.008
19534,2018/4/3 12:47:59.000,884828.032
19534,2018/4/3 12:53:00.000,884829.429
19534,2018/4/3 12:58:00.000,884830.016
19534,2018/4/3 13:07:58.000,884832
19534,2018/4/3 13:13:00.000,884833.024
19534,2018/4/3 13:18:01.000,884835.008
19534,2018/4/3 13:23:00.000,884836.429
19534,2018/4/3 13:28:00.000,884837.429
19534,2018/4/3 13:37:59.000,884839.429
19534,2018/4/3 13:43:00.000,884840
19534,2018/4/3 13:47:58.000,884841.024
19534,2018/4/3 13:52:58.000,884842.429
19534,2018/4/3 13:57:59.000,884844.032
19534,2018/4/3 14:02:58.000,884845.429
19534,2018/4/3 14:08:00.000,884846.016
19534,2018/4/3 14:12:58.000,884847.429
19534,2018/4/3 14:17:59.000,884848
19534,2018/4/3 14:23:01.000,884849.024
19534,2018/4/3 14:27:59.000,884850.429
19534,2018/4/3 14:32:58.000,884852.429
19534,2018/4/3 14:37:58.000,884853.429
19534,2018/4/3 14:43:00.000,884854.016
19534,2018/4/3 14:47:58.000,884855.429
19534,2018/4/3 14:53:00.000,884856
19534,2018/4/3 14:57:58.000,884857.024
19534,2018/4/3 15:02:59.000,884858.429
19534,2018/4/3 15:07:57.000,884859.008
19534,2018/4/3 15:12:59.000,884861.429
19534,2018/4/3 15:17:58.000,884862.016
19534,2018/4/3 15:22:57.000,884863.429
19534,2018/4/3 15:27:58.000,884864
19534,2018/4/3 15:32:57.000,884865.024
19534,2018/4/3 15:37:58.000,884866.429
19534,2018/4/3 15:42:58.000,884867.008
19534,2018/4/3 15:48:00.000,884869.429
19534,2018/4/3 15:57:58.000,884871.429
19534,2018/4/3 16:02:57.000,884872
19534,2018/4/3 16:07:58.000,884873.024
19534,2018/4/3 16:12:59.000,884874.429
19534,2018/4/3 16:17:57.000,884875.008
19534,2018/4/3 16:22:58.000,884876.032
19534,2018/4/3 16:27:57.000,884878.016
19534,2018/4/3 16:32:58.000,884879.429
19534,2018/4/3 16:37:59.000,884880
19534,2018/4/3 16:42:59.000,884881.024
19534,2018/4/3 16:47:58.000,884882.429
19534,2018/4/3 16:53:01.000,884883.008
19534,2018/4/3 16:57:58.000,884884.429
19534,2018/4/3 17:02:58.000,884885.429
19534,2018/4/3 17:07:59.000,884887.429
19534,2018/4/3 17:12:57.000,884888
19534,2018/4/3 17:17:58.000,884889.024
19534,2018/4/3 17:23:01.000,884890.429
19534,2018/4/3 17:27:59.000,884891.008
19534,2018/4/3 17:32:59.000,884892.032
19534,2018/4/3 17:37:58.000,884893.429
19534,2018/4/3 17:42:57.000,884894.016
19534,2018/4/3 17:47:59.000,884896
19534,2018/4/3 17:52:58.000,884897.024
19534,2018/4/3 17:58:00.000,884898.429
19534,2018/4/3 18:02:58.000,884899.008
19534,2018/4/3 18:07:56.000,884900.429
19534,2018/4/3 18:12:58.000,884901.429
19534,2018/4/3 18:17:59.000,884902.016
19534,2018/4/3 18:22:58.000,884903.429
19534,2018/4/3 18:27:58.000,884905.024
19534,2018/4/3 18:32:58.000,884906.429
19534,2018/4/3 18:37:59.000,884907.008
19534,2018/4/3 18:42:59.000,884908.032
19534,2018/4/3 18:47:59.000,884909.429
19534,2018/4/3 18:53:01.000,884910.016
19534,2018/4/3 18:58:00.000,884911.429
19534,2018/4/3 19:03:00.000,884912
19534,2018/4/3 19:07:58.000,884913.024
19534,2018/4/3 19:13:05.000,884915.008
19534,2018/4/3 19:17:59.000,884916.429
19534,2018/4/3 19:23:00.000,884917.429
19534,2018/4/3 19:27:59.000,884918.016
19534,2018/4/3 19:32:59.000,884919.429
19534,2018/4/3 19:37:58.000,884920
19534,2018/4/3 19:42:58.000,884921.024
19534,2018/4/3 19:48:00.000,884922.429
19534,2018/4/3 19:52:59.000,884923.008
19534,2018/4/3 19:57:59.000,884925.429
19534,2018/4/3 20:03:00.000,884926.016
19534,2018/4/3 20:07:59.000,884927.429
19534,2018/4/3 20:12:59.000,884928
19534,2018/4/3 20:18:02.000,884929.024
19534,2018/4/3 20:23:03.000,884930.429
19534,2018/4/3 20:28:00.000,884931.008
19534,2018/4/3 20:33:04.000,884932.429
19534,2018/4/3 20:38:04.000,884934.016
19534,2018/4/3 20:42:59.000,884935.429
19534,2018/4/3 20:48:01.000,884936
19534,2018/4/3 20:52:56.000,884937.024
19534,2018/4/3 20:58:05.000,884938.429
19534,2018/4/3 21:03:00.000,884939.008
19534,2018/4/3 21:07:59.000,884940.032
19534,2018/4/3 21:13:00.000,884941.429
19534,2018/4/3 21:18:01.000,884943.429
19534,2018/4/3 21:28:00.000,884944
19534,2018/4/3 21:37:59.000,884945.024
19534,2018/4/3 21:48:00.000,884946.429
19534,2018/4/3 21:57:59.000,884947.008
19534,2018/4/3 22:13:01.000,884948.429
19534,2018/4/3 22:28:03.000,884949.429
19534,2018/4/3 22:43:00.000,884950.016
19534,2018/4/3 22:58:00.000,884951.429
19534,2018/4/3 23:13:00.000,884952
19534,2018/4/3 23:28:00.000,884953.024
19534,2018/4/3 23:48:02.000,884954.429
19534,2018/4/4 00:03:02.000,884955.008
19534,2018/4/4 00:18:01.000,884956.032
19534,2018/4/4 00:33:08.000,884957.429
19534,2018/4/4 00:48:03.000,884958.016
19534,2018/4/4 01:03:00.000,884959.429
19534,2018/4/4 01:18:02.000,884960
19534,2018/4/4 01:33:05.000,884961.024
19534,2018/4/4 01:48:05.000,884962.429
19534,2018/4/4 02:03:02.000,884963.008
19534,2018/4/4 02:18:01.000,884964.429
19534,2018/4/4 02:33:01.000,884965.429
19534,2018/4/4 02:48:02.000,884966.016
19534,2018/4/4 03:03:00.000,884967.429
19534,2018/4/4 03:18:01.000,884968
19534,2018/4/4 03:33:02.000,884969.024
19534,2018/4/4 03:48:02.000,884970.429
19534,2018/4/4 04:03:00.000,884971.008
19534,2018/4/4 04:18:01.000,884972.032
19534,2018/4/4 04:38:01.000,884973.429
19534,2018/4/4 04:53:03.000,884974.016
19534,2018/4/4 05:08:01.000,884975.429
19534,2018/4/4 05:28:03.000,884976
19534,2018/4/4 05:38:01.000,884977.024
19534,2018/4/4 05:53:02.000,884978.429
19534,2018/4/4 06:08:01.000,884979.008
19534,2018/4/4 06:23:02.000,884980.429
19534,2018/4/4 06:38:03.000,884981.429
19534,2018/4/4 06:53:02.000,884982.016
19534,2018/4/4 07:08:01.000,884983.429
19534,2018/4/4 07:18:02.000,884984
19534,2018/4/4 07:28:03.000,884985.024
19534,2018/4/4 07:38:02.000,884986.429
19534,2018/4/4 07:48:04.000,884987.008
19534,2018/4/4 07:58:03.000,884988.032
19534,2018/4/4 08:08:03.000,884989.429
19534,2018/4/4 08:18:04.000,884990.016
19534,2018/4/4 08:28:05.000,884991.429
19534,2018/4/4 08:38:05.000,884992
19534,2018/4/4 08:48:04.000,884993.024
19534,2018/4/4 08:58:04.000,884994.429
19534,2018/4/4 09:08:04.000,884995.008
19534,2018/4/4 09:13:04.000,884996.429
19534,2018/4/4 09:23:04.000,884997.429
19534,2018/4/4 09:33:04.000,884998.016
19534,2018/4/4 09:43:05.000,884999.429
19534,2018/4/4 09:53:05.000,885000
19534,2018/4/4 10:03:05.000,885001.024
19534,2018/4/4 10:13:05.000,885002.429
19534,2018/4/4 10:23:08.000,885003.008
19534,2018/4/4 10:28:07.000,885004.032
19534,2018/4/4 10:43:07.000,885005.429
19534,2018/4/4 10:48:05.000,885006.016
19534,2018/4/4 10:58:07.000,885007.429
19534,2018/4/4 11:08:05.000,885008
19534,2018/4/4 11:18:06.000,885009.024
19534,2018/4/4 11:28:06.000,885010.429
19534,2018/4/4 11:33:06.000,885011.008
19534,2018/4/4 11:43:06.000,885012.429
19534,2018/4/4 11:53:07.000,885013.429
19534,2018/4/4 12:03:05.000,885014.016
19534,2018/4/4 12:13:09.000,885015.429
19534,2018/4/4 12:23:07.000,885016
19534,2018/4/4 12:33:05.000,885017.024
19534,2018/4/4 12:38:05.000,885018.429
19534,2018/4/4 12:48:06.000,885019.008
19534,2018/4/4 12:58:07.000,885020.032
19534,2018/4/4 13:13:07.000,885021.429
19534,2018/4/4 13:18:05.000,885022.016
19534,2018/4/4 13:23:07.000,885023.429
19534,2018/4/4 13:33:08.000,885024
19534,2018/4/4 13:43:05.000,885025.024
19534,2018/4/4 13:53:06.000,885026.429
19534,2018/4/4 14:03:07.000,885027.008
19534,2018/4/4 14:13:10.000,885028.429
19534,2018/4/4 14:18:12.000,885029.429
19534,2018/4/4 14:28:24.000,885030.016
19534,2018/4/4 14:38:32.000,885031.429
19534,2018/4/4 14:48:16.000,885032
19534,2018/4/4 14:55:32.000,885033.024
19534,2018/4/4 15:10:56.000,885034.429
19534,2018/4/4 15:22:20.000,885035.008
19534,2018/4/4 15:36:30.000,885037.429
19534,2018/4/4 15:50:43.000,885038.016
19534,2018/4/4 16:07:06.000,885040
19534,2018/4/4 16:35:05.000,885043.008
19534,2018/4/4 17:05:20.000,885046.016
19534,2018/4/4 17:38:25.000,885050.429
19534,2018/4/4 18:25:52.000,885055.429
19534,2018/4/4 19:00:39.000,885059.008
19534,2018/4/4 19:11:25.000,885060.429
19534,2018/4/4 19:19:15.000,885061.429
19534,2018/4/4 19:38:56.000,885063.429
19534,2018/4/4 19:48:57.000,885064
19534,2018/4/4 19:58:55.000,885065.024
19534,2018/4/4 20:08:59.000,885066.429
19534,2018/4/4 20:13:57.000,885067.008
19534,2018/4/4 20:23:57.000,885068.032
19534,2018/4/4 20:33:59.000,885069.429
19534,2018/4/4 20:43:54.000,885070.016
19534,2018/4/4 20:53:55.000,885071.429
19534,2018/4/4 21:03:57.000,885072
19534,2018/4/4 21:18:54.000,885073.024
19534,2018/4/4 21:23:56.000,885074.429
19534,2018/4/4 21:33:55.000,885075.008
19534,2018/4/4 21:38:55.000,885076.429
19534,2018/4/4 21:48:56.000,885077.429
19534,2018/4/4 22:03:56.000,885078.016
19534,2018/4/4 22:13:58.000,885079.429
19534,2018/4/4 22:33:56.000,885080
19534,2018/4/4 22:43:57.000,885081.024
19534,2018/4/4 22:58:56.000,885082.429
19534,2018/4/4 23:13:55.000,885083.008
19534,2018/4/4 23:28:55.000,885084.032
19534,2018/4/4 23:38:56.000,885085.429
19534,2018/4/4 23:53:57.000,885086.016
19534,2018/4/5 00:08:57.000,885087.429
19534,2018/4/5 00:23:56.000,885088
19534,2018/4/5 00:38:56.000,885089.024
19534,2018/4/5 00:49:00.000,885090.429
19534,2018/4/5 01:04:00.000,885091.008
19534,2018/4/5 01:24:06.000,885092.429
19534,2018/4/5 01:34:00.000,885093.429
19534,2018/4/5 01:48:59.000,885094.016
19534,2018/4/5 01:59:00.000,885095.429
19534,2018/4/5 02:14:01.000,885096
19534,2018/4/5 02:29:00.000,885097.024
19534,2018/4/5 02:44:04.000,885098.429
19534,2018/4/5 02:59:00.000,885099.008
19534,2018/4/5 03:14:00.000,885100.032
19534,2018/4/5 03:24:09.000,885101.429
19534,2018/4/5 03:43:59.000,885102.016
19534,2018/4/5 03:54:00.000,885103.429
19534,2018/4/5 04:09:01.000,885104
19534,2018/4/5 04:24:02.000,885105.024
19534,2018/4/5 04:38:59.000,885106.429
19534,2018/4/5 04:54:00.000,885107.008
19534,2018/4/5 05:09:01.000,885108.429
19534,2018/4/5 05:24:01.000,885109.429
19534,2018/4/5 05:39:01.000,885110.016
19534,2018/4/5 05:53:59.000,885111.429
19534,2018/4/5 06:09:01.000,885112
19534,2018/4/5 06:24:01.000,885113.024
19534,2018/4/5 06:34:02.000,885114.429
19534,2018/4/5 06:48:56.000,885115.008
19534,2018/4/5 07:03:55.000,885116.032
19534,2018/4/5 07:13:58.000,885117.429
19534,2018/4/5 07:23:57.000,885118.016
19534,2018/4/5 07:33:57.000,885119.429
19534,2018/4/5 07:38:58.000,885120
19534,2018/4/5 07:49:02.000,885121.024
19534,2018/4/5 07:59:01.000,885122.429
19534,2018/4/5 08:09:01.000,885123.008
19534,2018/4/5 08:19:01.000,885124.429
19534,2018/4/5 08:29:00.000,885125.429
19534,2018/4/5 08:39:02.000,885126.016
19534,2018/4/5 08:49:03.000,885127.429
19534,2018/4/5 08:59:01.000,885128
19534,2018/4/5 09:09:02.000,885129.024
19534,2018/4/5 09:19:02.000,885130.429
19534,2018/4/5 09:24:03.000,885131.008
19534,2018/4/5 09:34:02.000,885132.032
19534,2018/4/5 09:44:01.000,885133.429
19534,2018/4/5 09:54:02.000,885134.016
19534,2018/4/5 10:04:02.000,885135.429
19534,2018/4/5 10:14:03.000,885136
19534,2018/4/5 10:24:03.000,885137.024
19534,2018/4/5 10:34:02.000,885138.429
19534,2018/4/5 10:44:02.000,885139.008
19534,2018/4/5 10:59:02.000,885140.429
19534,2018/4/5 11:04:01.000,885141.429
19534,2018/4/5 11:14:02.000,885142.016
19534,2018/4/5 11:24:02.000,885143.429
19534,2018/4/5 11:34:02.000,885144
19534,2018/4/5 11:44:03.000,885145.024
19534,2018/4/5 11:54:02.000,885146.429
19534,2018/4/5 12:09:02.000,885147.008
19534,2018/4/5 12:14:02.000,885148.032
19534,2018/4/5 12:19:02.000,885149.429
19534,2018/4/5 12:29:02.000,885150.016
19534,2018/4/5 12:39:02.000,885151.429
19534,2018/4/5 12:49:02.000,885152
19534,2018/4/5 12:59:03.000,885153.024
19534,2018/4/5 13:09:02.000,885154.429
19534,2018/4/5 13:19:02.000,885155.008
19534,2018/4/5 13:29:03.000,885156.429
19534,2018/4/5 13:39:01.000,885157.429
19534,2018/4/5 13:49:03.000,885158.016
19534,2018/4/5 13:59:04.000,885159.429
19534,2018/4/5 14:09:02.000,885160
19534,2018/4/5 14:19:02.000,885161.024
19534,2018/4/5 14:24:03.000,885162.429
19534,2018/4/5 14:34:01.000,885163.008
19534,2018/4/5 14:44:00.000,885164.032
19534,2018/4/5 14:54:03.000,885165.429
19534,2018/4/5 15:04:00.000,885166.016
19534,2018/4/5 15:14:02.000,885167.429
19534,2018/4/5 15:24:01.000,885168
19534,2018/4/5 15:34:01.000,885169.024
19534,2018/4/5 15:44:02.000,885170.429
19534,2018/4/5 15:49:02.000,885171.008
19534,2018/4/5 15:59:02.000,885172.429
19534,2018/4/5 16:09:01.000,885173.429
19534,2018/4/5 16:19:03.000,885174.016
19534,2018/4/5 16:29:02.000,885175.429
19534,2018/4/5 16:39:03.000,885176
19534,2018/4/5 16:49:02.000,885177.024
19534,2018/4/5 16:59:02.000,885178.429
19534,2018/4/5 17:09:03.000,885179.008
19534,2018/4/5 17:14:01.000,885180.032
19534,2018/4/5 17:24:02.000,885181.429
19534,2018/4/5 17:34:03.000,885182.016
19534,2018/4/5 17:44:01.000,885183.429
19534,2018/4/5 17:54:03.000,885184
19534,2018/4/5 18:04:01.000,885185.024
19534,2018/4/5 18:14:03.000,885186.429
19534,2018/4/5 18:24:02.000,885187.008
19534,2018/4/5 18:39:03.000,885188.429
19534,2018/4/5 18:44:04.000,885189.429
19534,2018/4/5 18:54:04.000,885190.016
19534,2018/4/5 19:04:04.000,885191.429
19534,2018/4/5 19:14:03.000,885192
19534,2018/4/5 19:24:02.000,885193.024
19534,2018/4/5 19:29:05.000,885194.429
19534,2018/4/5 19:39:05.000,885195.008
19534,2018/4/5 19:49:03.000,885196.032
19534,2018/4/5 20:04:03.000,885197.429
19534,2018/4/5 20:09:03.000,885198.016
19534,2018/4/5 20:19:04.000,885199.429
19534,2018/4/5 20:29:03.000,885200
19534,2018/4/5 20:39:05.000,885201.024
19534,2018/4/5 20:49:08.000,885202.429
19534,2018/4/5 20:59:06.000,885203.008
19534,2018/4/5 21:09:06.000,885204.429
19534,2018/4/5 21:14:03.000,885205.429
19534,2018/4/5 21:24:03.000,885206.016
19534,2018/4/5 21:34:02.000,885207.429
19534,2018/4/5 21:44:02.000,885208
19534,2018/4/5 21:59:05.000,885209.024
19534,2018/4/5 22:09:06.000,885210.429
19534,2018/4/5 22:29:05.000,885211.008
19534,2018/4/5 22:39:06.000,885212.032
19534,2018/4/5 22:54:06.000,885213.429
19534,2018/4/5 23:09:04.000,885214.016
19534,2018/4/5 23:19:04.000,885215.429
19534,2018/4/5 23:34:06.000,885216
19534,2018/4/5 23:49:06.000,885217.024
19534,2018/4/6 00:04:06.000,885218.429
19534,2018/4/6 00:19:06.000,885219.008
19534,2018/4/6 00:29:08.000,885220.429
19534,2018/4/6 00:49:06.000,885221.429
19534,2018/4/6 00:59:05.000,885222.016
19534,2018/4/6 01:14:06.000,885223.429
19534,2018/4/6 01:29:06.000,885224
19534,2018/4/6 01:44:07.000,885225.024
19534,2018/4/6 01:54:07.000,885226.429
19534,2018/4/6 02:09:08.000,885227.008
19534,2018/4/6 02:24:08.000,885228.032
19534,2018/4/6 02:39:07.000,885229.429
19534,2018/4/6 02:54:06.000,885230.016
19534,2018/4/6 03:09:06.000,885231.429
19534,2018/4/6 03:24:07.000,885232
19534,2018/4/6 03:39:06.000,885233.024
19534,2018/4/6 03:49:07.000,885234.429
19534,2018/4/6 04:04:10.000,885235.008
19534,2018/4/6 04:19:10.000,885236.429
19534,2018/4/6 04:34:10.000,885237.429
19534,2018/4/6 04:49:10.000,885238.016
19534,2018/4/6 05:04:10.000,885239.429
19534,2018/4/6 05:19:06.000,885240
19534,2018/4/6 05:39:06.000,885241.024
19534,2018/4/6 05:49:06.000,885242.429
19534,2018/4/6 06:04:07.000,885243.008
19534,2018/4/6 06:19:06.000,885244.032
19534,2018/4/6 06:34:07.000,885245.429
19534,2018/4/6 06:49:06.000,885246.016
19534,2018/4/6 07:04:06.000,885247.429
19534,2018/4/6 07:09:05.000,885248
19534,2018/4/6 07:19:06.000,885249.024
19534,2018/4/6 07:29:06.000,885250.429
19534,2018/4/6 07:39:07.000,885251.008
19534,2018/4/6 07:49:05.000,885252.429
19534,2018/4/6 07:59:06.000,885253.429
19534,2018/4/6 08:09:06.000,885254.016
19534,2018/4/6 08:19:06.000,885255.429
19534,2018/4/6 08:34:05.000,885256
19534,2018/4/6 08:39:05.000,885257.024
19534,2018/4/6 08:49:05.000,885258.429
19534,2018/4/6 08:59:06.000,885259.008
19534,2018/4/6 09:14:07.000,885261.429
19534,2018/4/6 09:24:07.000,885262.016
19534,2018/4/6 09:34:06.000,885263.429
19534,2018/4/6 09:44:07.000,885264
19534,2018/4/6 09:54:08.000,885265.024
19534,2018/4/6 10:09:07.000,885266.429
19534,2018/4/6 10:14:07.000,885267.008
19534,2018/4/6 10:24:06.000,885268.429
19534,2018/4/6 10:34:07.000,885269.429
19534,2018/4/6 10:44:06.000,885270.016
19534,2018/4/6 10:54:07.000,885271.429
19534,2018/4/6 11:04:06.000,885272
19534,2018/4/6 11:14:05.000,885273.024
19534,2018/4/6 11:24:05.000,885274.429
19534,2018/4/6 11:34:06.000,885275.008
19534,2018/4/6 11:44:06.000,885276.032
19534,2018/4/6 11:54:06.000,885277.429
19534,2018/4/6 11:59:08.000,885278.016
19534,2018/4/6 12:09:04.000,885279.429
19534,2018/4/6 12:24:05.000,885280
19534,2018/4/6 12:29:05.000,885281.024
19534,2018/4/6 12:39:05.000,885282.429
19534,2018/4/6 12:49:06.000,885283.008
19534,2018/4/6 12:59:04.000,885284.429
19534,2018/4/6 13:09:06.000,885285.429
19534,2018/4/6 13:19:05.000,885286.016
19534,2018/4/6 13:29:04.000,885287.429
19534,2018/4/6 13:39:03.000,885288
19534,2018/4/6 13:49:04.000,885289.024
19534,2018/4/6 13:54:04.000,885290.429
19534,2018/4/6 14:09:05.000,885291.008
19534,2018/4/6 14:14:05.000,885292.032
19534,2018/4/6 14:24:05.000,885293.429
19534,2018/4/6 14:39:04.000,885294.016
19534,2018/4/6 14:49:04.000,885295.429
19534,2018/4/6 14:54:06.000,885296
19534,2018/4/6 15:04:06.000,885297.024
19534,2018/4/6 15:09:06.000,885298.429
19534,2018/4/6 15:19:05.000,885299.008
19534,2018/4/6 15:29:07.000,885300.429
19534,2018/4/6 15:39:06.000,885301.429
19534,2018/4/6 15:49:07.000,885302.016
19534,2018/4/6 16:04:06.000,885304
19534,2018/4/6 16:14:06.000,885305.024
19534,2018/4/6 16:24:07.000,885306.429
19534,2018/4/6 16:34:05.000,885307.008
19534,2018/4/6 16:44:07.000,885308.032
19534,2018/4/6 16:49:05.000,885309.429
19534,2018/4/6 16:59:07.000,885310.016
19534,2018/4/6 17:09:05.000,885311.429
19534,2018/4/6 17:14:06.000,885312
19534,2018/4/6 17:24:06.000,885313.024
19534,2018/4/6 17:39:07.000,885315.008
19534,2018/4/6 17:49:06.000,885316.429
19534,2018/4/6 17:59:04.000,885317.429
19534,2018/4/6 18:09:06.000,885318.016
19534,2018/4/6 18:14:06.000,885319.429
19534,2018/4/6 18:24:06.000,885320
19534,2018/4/6 18:34:06.000,885321.024
19534,2018/4/6 18:39:07.000,885322.429
19534,2018/4/6 18:49:07.000,885323.008
19534,2018/4/6 18:59:05.000,885324.032
19534,2018/4/6 19:09:06.000,885325.429
19534,2018/4/6 19:14:05.000,885326.016
19534,2018/4/6 19:24:10.000,885327.429
19534,2018/4/6 19:34:06.000,885328
19534,2018/4/6 19:39:06.000,885329.024
19534,2018/4/6 19:49:06.000,885330.429
19534,2018/4/6 19:59:06.000,885331.008
19534,2018/4/6 20:09:07.000,885332.429
19534,2018/4/6 20:14:08.000,885333.429
19534,2018/4/6 20:24:07.000,885334.016
19534,2018/4/6 20:34:07.000,885335.429
19534,2018/4/6 20:44:05.000,885336
19534,2018/4/6 20:49:07.000,885337.024
19534,2018/4/6 20:59:06.000,885338.429
19534,2018/4/6 21:09:06.000,885339.008
19534,2018/4/6 21:14:13.000,885340.032
19534,2018/4/6 21:24:10.000,885341.429
19534,2018/4/6 21:34:05.000,885342.016
19534,2018/4/6 21:44:05.000,885343.429
19534,2018/4/6 21:49:04.000,885344
19534,2018/4/6 22:04:04.000,885345.024
19534,2018/4/6 22:14:06.000,885346.429
19534,2018/4/6 22:29:05.000,885347.008
19534,2018/4/6 22:44:05.000,885348.429
19534,2018/4/6 22:59:06.000,885349.429
19534,2018/4/6 23:14:04.000,885350.016
19534,2018/4/6 23:24:05.000,885351.429
19534,2018/4/6 23:39:07.000,885352
19534,2018/4/6 23:54:08.000,885353.024
19534,2018/4/7 00:09:06.000,885354.429
19534,2018/4/7 00:19:06.000,885355.008
19534,2018/4/7 00:34:06.000,885356.032
19534,2018/4/7 00:49:08.000,885357.429
19534,2018/4/7 01:04:07.000,885358.016
19534,2018/4/7 01:19:07.000,885359.429
19534,2018/4/7 01:34:06.000,885360
19534,2018/4/7 01:44:08.000,885361.024
19534,2018/4/7 01:59:07.000,885362.429
19534,2018/4/7 02:14:10.000,885363.008
19534,2018/4/7 02:29:05.000,885364.429
19534,2018/4/7 02:44:07.000,885365.429
19534,2018/4/7 02:59:05.000,885366.016
19534,2018/4/7 03:14:09.000,885367.429
19534,2018/4/7 03:29:06.000,885368
19534,2018/4/7 03:39:05.000,885369.024
19534,2018/4/7 03:54:06.000,885370.429
19534,2018/4/7 04:09:08.000,885371.008
19534,2018/4/7 04:24:06.000,885372.032
19534,2018/4/7 04:39:08.000,885373.429
19534,2018/4/7 04:59:05.000,885374.016
19534,2018/4/7 05:09:06.000,885375.429
19534,2018/4/7 05:24:06.000,885376
19534,2018/4/7 05:39:06.000,885377.024
19534,2018/4/7 05:54:07.000,885378.429
19534,2018/4/7 06:09:05.000,885379.008
19534,2018/4/7 06:19:04.000,885380.429
19534,2018/4/7 06:34:07.000,885381.429
19534,2018/4/7 06:49:06.000,885382.016
19534,2018/4/7 07:04:06.000,885383.429
19534,2018/4/7 07:14:07.000,885384
19534,2018/4/7 07:24:12.000,885385.024
19534,2018/4/7 07:34:13.000,885386.429
19534,2018/4/7 07:39:10.000,885387.008
19534,2018/4/7 07:49:11.000,885388.032
19534,2018/4/7 07:59:11.000,885389.429
19534,2018/4/7 08:09:12.000,885390.016
19534,2018/4/7 08:19:14.000,885391.429
19534,2018/4/7 08:29:10.000,885392
19534,2018/4/7 08:39:10.000,885393.024
19534,2018/4/7 08:49:11.000,885394.429
19534,2018/4/7 08:59:10.000,885395.008
19534,2018/4/7 09:04:11.000,885396.429
19534,2018/4/7 09:14:10.000,885397.429
19534,2018/4/7 09:24:10.000,885398.016
19534,2018/4/7 09:39:12.000,885400
19534,2018/4/7 09:49:11.000,885401.024
19534,2018/4/7 09:59:11.000,885402.429
19534,2018/4/7 10:09:09.000,885403.008
19534,2018/4/7 10:19:10.000,885404.032
19534,2018/4/7 10:24:12.000,885405.429
19534,2018/4/7 10:34:15.000,885406.016
19534,2018/4/7 10:44:16.000,885407.429
19534,2018/4/7 10:54:10.000,885408
19534,2018/4/7 11:04:10.000,885409.024
19534,2018/4/7 11:09:09.000,885410.429
19534,2018/4/7 11:19:11.000,885411.008
19534,2018/4/7 11:29:10.000,885412.429
19534,2018/4/7 11:39:09.000,885413.429
19534,2018/4/7 11:49:10.000,885414.016
19534,2018/4/7 11:54:11.000,885415.429
19534,2018/4/7 12:04:09.000,885416
19534,2018/4/7 12:14:10.000,885417.024
19534,2018/4/7 12:24:12.000,885419.008
19534,2018/4/7 12:29:10.000,885420.032
19534,2018/4/7 12:34:10.000,885421.429
19534,2018/4/7 12:39:10.000,885422.016
19534,2018/4/7 12:44:10.000,885424
19534,2018/4/7 12:49:10.000,885425.024
19534,2018/4/7 12:59:09.000,885427.008
19534,2018/4/7 13:04:10.000,885429.429
19534,2018/4/7 13:09:10.000,885430.016
19534,2018/4/7 13:14:10.000,885431.429
19534,2018/4/7 13:19:11.000,885432
19534,2018/4/7 13:24:10.000,885433.024
19534,2018/4/7 13:29:10.000,885435.008
19534,2018/4/7 13:34:11.000,885436.032
19534,2018/4/7 13:39:13.000,885437.429
19534,2018/4/7 13:44:10.000,885438.016
19534,2018/4/7 13:49:11.000,885440
19534,2018/4/7 13:59:11.000,885442.429
19534,2018/4/7 14:04:10.000,885443.008
19534,2018/4/7 14:09:10.000,885444.429
19534,2018/4/7 14:14:10.000,885446.016
19534,2018/4/7 14:19:11.000,885447.429
19534,2018/4/7 14:24:10.000,885448
19534,2018/4/7 14:29:10.000,885449.024
19534,2018/4/7 14:34:12.000,885451.008
19534,2018/4/7 14:39:11.000,885452.032
19534,2018/4/7 14:44:12.000,885453.429
19534,2018/4/7 14:49:12.000,885454.016
19534,2018/4/7 14:54:10.000,885455.429
19534,2018/4/7 14:59:11.000,885457.024
19534,2018/4/7 15:04:11.000,885458.429
19534,2018/4/7 15:09:10.000,885459.008
19534,2018/4/7 15:14:11.000,885460.429
19534,2018/4/7 15:19:11.000,885462.016
19534,2018/4/7 15:24:13.000,885463.429
19534,2018/4/7 15:29:10.000,885464
19534,2018/4/7 15:34:11.000,885465.024
19534,2018/4/7 15:39:13.000,885467.008
19534,2018/4/7 15:44:11.000,885468.032
19534,2018/4/7 15:49:12.000,885469.429
19534,2018/4/7 15:54:11.000,885470.016
19534,2018/4/7 15:59:12.000,885471.429
19534,2018/4/7 16:04:11.000,885473.024
19534,2018/4/7 16:09:11.000,885474.429
19534,2018/4/7 16:14:11.000,885475.008
19534,2018/4/7 16:24:12.000,885476.429
19534,2018/4/7 16:29:11.000,885477.429
19534,2018/4/7 16:39:12.000,885478.016
19534,2018/4/7 16:49:12.000,885479.429
19534,2018/4/7 16:59:13.000,885480
19534,2018/4/7 17:04:10.000,885481.024
19534,2018/4/7 17:14:11.000,885482.429
19534,2018/4/7 17:29:18.000,885483.008
19534,2018/4/7 17:34:16.000,885484.032
19534,2018/4/7 17:39:17.000,885485.429
19534,2018/4/7 17:49:17.000,885486.016
19534,2018/4/7 17:59:16.000,885487.429
19534,2018/4/7 18:04:19.000,885488
19534,2018/4/7 18:14:17.000,885489.024
19534,2018/4/7 18:24:17.000,885490.429
19534,2018/4/7 18:34:16.000,885491.008
19534,2018/4/7 18:39:17.000,885492.429
19534,2018/4/7 18:49:15.000,885493.429
19534,2018/4/7 18:59:14.000,885494.016
19534,2018/4/7 19:04:15.000,885495.429
19534,2018/4/7 19:14:15.000,885496
19534,2018/4/7 19:24:14.000,885497.024
19534,2018/4/7 19:34:14.000,885498.429
19534,2018/4/7 19:39:14.000,885499.008
19534,2018/4/7 19:49:16.000,885500.032
19534,2018/4/7 19:59:18.000,885501.429
19534,2018/4/7 20:09:16.000,885502.016
19534,2018/4/7 20:19:15.000,885503.429
19534,2018/4/7 20:24:15.000,885504
19534,2018/4/7 20:34:16.000,885505.024
19534,2018/4/7 20:44:14.000,885506.429
19534,2018/4/7 20:54:16.000,885507.008
19534,2018/4/7 20:59:17.000,885508.429
19534,2018/4/7 21:09:21.000,885509.429
19534,2018/4/7 21:19:13.000,885510.016
19534,2018/4/7 21:29:16.000,885511.429
19534,2018/4/7 21:34:16.000,885512
19534,2018/4/7 21:44:14.000,885513.024
19534,2018/4/7 21:54:16.000,885514.429
19534,2018/4/7 22:09:15.000,885515.008
19534,2018/4/7 22:24:15.000,885516.032
19534,2018/4/7 22:34:15.000,885517.429
19534,2018/4/7 22:49:15.000,885518.016
19534,2018/4/7 23:09:16.000,885519.429
19534,2018/4/7 23:24:15.000,885520
19534,2018/4/7 23:34:20.000,885521.024
19534,2018/4/7 23:49:16.000,885522.429
19534,2018/4/8 00:04:14.000,885523.008
19534,2018/4/8 00:19:16.000,885524.429
19534,2018/4/8 00:34:17.000,885525.429
19534,2018/4/8 00:49:17.000,885526.016
19534,2018/4/8 00:59:21.000,885527.429
19534,2018/4/8 01:14:17.000,885528
19534,2018/4/8 01:29:15.000,885529.024
19534,2018/4/8 01:44:17.000,885530.429
19534,2018/4/8 01:59:16.000,885531.008
19534,2018/4/8 02:14:15.000,885532.032
19534,2018/4/8 02:34:19.000,885533.429
19534,2018/4/8 02:44:17.000,885534.016
19534,2018/4/8 02:54:16.000,885535.429
19534,2018/4/8 03:09:17.000,885536
19534,2018/4/8 03:24:16.000,885537.024
19534,2018/4/8 03:39:17.000,885538.429
19534,2018/4/8 03:54:18.000,885539.008
19534,2018/4/8 04:09:16.000,885540.429
19534,2018/4/8 04:24:15.000,885541.429
19534,2018/4/8 04:34:16.000,885542.016
19534,2018/4/8 04:49:19.000,885543.429
19534,2018/4/8 05:04:19.000,885544
19534,2018/4/8 05:19:16.000,885545.024
19534,2018/4/8 05:34:17.000,885546.429
19534,2018/4/8 05:49:17.000,885547.008
19534,2018/4/8 06:04:17.000,885548.032
19534,2018/4/8 06:14:15.000,885549.429
19534,2018/4/8 06:29:17.000,885550.016
19534,2018/4/8 06:44:18.000,885551.429
19534,2018/4/8 06:59:17.000,885552
19534,2018/4/8 07:09:17.000,885553.024
19534,2018/4/8 07:19:16.000,885554.429
19534,2018/4/8 07:29:16.000,885555.008
19534,2018/4/8 07:39:20.000,885556.429
19534,2018/4/8 07:44:21.000,885557.429
19534,2018/4/8 07:54:20.000,885558.016
19534,2018/4/8 08:04:21.000,885559.429
19534,2018/4/8 08:14:21.000,885560
19534,2018/4/8 08:24:21.000,885561.024
19534,2018/4/8 08:34:21.000,885562.429
19534,2018/4/8 08:39:21.000,885563.008
19534,2018/4/8 08:49:21.000,885564.032
19534,2018/4/8 08:59:20.000,885565.429
19534,2018/4/8 09:09:20.000,885566.016
19534,2018/4/8 09:14:23.000,885567.429
19534,2018/4/8 09:24:23.000,885568
19534,2018/4/8 09:34:20.000,885569.024
19534,2018/4/8 09:39:22.000,885570.429
19534,2018/4/8 09:54:20.000,885571.008
19534,2018/4/8 09:59:21.000,885572.429
19534,2018/4/8 10:09:22.000,885573.429
19534,2018/4/8 10:14:21.000,885574.016
19534,2018/4/8 10:24:22.000,885575.429
19534,2018/4/8 10:34:21.000,885576
19534,2018/4/8 10:44:21.000,885577.024
19534,2018/4/8 10:59:23.000,885579.008
19534,2018/4/8 11:04:22.000,885580.032
19534,2018/4/8 11:49:22.000,885585.024
19534,2018/4/8 12:19:22.000,885589.429
19534,2018/4/8 12:29:21.000,885590.016
19534,2018/4/8 12:44:22.000,885592
19534,2018/4/8 13:04:23.000,885594.429
19534,2018/4/8 13:24:22.000,885596.032
19534,2018/4/8 13:44:20.000,885599.429
19534,2018/4/8 14:04:23.000,885601.024
19534,2018/4/8 14:24:20.000,885604.429
19534,2018/4/8 14:44:21.000,885606.016
19534,2018/4/8 14:59:20.000,885608
19534,2018/4/8 15:14:22.000,885609.024
19534,2018/4/8 15:29:21.000,885611.008
19534,2018/4/8 15:44:24.000,885613.429
19534,2018/4/8 15:54:24.000,885614.016
19534,2018/4/8 16:09:24.000,885616
19534,2018/4/8 16:19:23.000,885617.024
19534,2018/4/8 16:34:24.000,885619.008
19534,2018/4/8 16:44:19.000,885620.429
19534,2018/4/8 16:59:18.000,885622.016
19534,2018/4/8 17:14:20.000,885623.429
19534,2018/4/8 18:09:24.000,885630.016
19534,2018/4/8 18:29:24.000,885632
19534,2018/4/8 18:49:21.000,885634.429
19534,2018/4/8 19:09:22.000,885636.429
19534,2018/4/8 19:29:22.000,885639.429
19534,2018/4/8 20:04:22.000,885643.008
19534,2018/4/8 20:24:21.000,885645.429
19534,2018/4/8 20:44:23.000,885647.429
19534,2018/4/8 20:59:22.000,885649.024
19534,2018/4/8 21:19:23.000,885651.008
19534,2018/4/8 21:34:21.000,885653.429
19534,2018/4/8 21:54:25.000,885655.429
19534,2018/4/8 22:09:22.000,885656
19534,2018/4/8 22:29:23.000,885658.429
19534,2018/4/8 22:44:23.000,885659.008
19534,2018/4/8 23:04:28.000,885660.032
19534,2018/4/8 23:39:26.000,885662.016
19534,2018/4/8 23:54:26.000,885663.429
19534,2018/4/9 00:29:30.000,885666.429
19534,2018/4/9 00:44:28.000,885667.008
19534,2018/4/9 00:59:24.000,885668.429
19534,2018/4/9 01:14:22.000,885669.429
19534,2018/4/9 01:29:24.000,885670.016
19534,2018/4/9 01:49:22.000,885671.429
19534,2018/4/9 02:04:22.000,885672
19534,2018/4/9 02:19:22.000,885673.024
19534,2018/4/9 02:54:27.000,885676.032
19534,2018/4/9 03:14:23.000,885677.429
19534,2018/4/9 03:29:23.000,885678.016
19534,2018/4/9 03:49:23.000,885679.429
19534,2018/4/9 04:04:23.000,885680
19534,2018/4/9 04:24:23.000,885682.429
19534,2018/4/9 04:39:23.000,885683.008
19534,2018/4/9 04:59:24.000,885684.429
19534,2018/4/9 05:14:22.000,885685.429
19534,2018/4/9 05:34:22.000,885686.016
19534,2018/4/9 05:49:22.000,885687.429
19534,2018/4/9 06:04:25.000,885688
19534,2018/4/9 06:19:23.000,885689.024
19534,2018/4/9 06:39:24.000,885691.008
19534,2018/4/9 06:54:25.000,885692.032
19534,2018/4/9 07:14:24.000,885694.016
19534,2018/4/9 07:29:26.000,885695.429
19534,2018/4/9 07:49:24.000,885697.024
19534,2018/4/9 08:04:25.000,885699.008
19534,2018/4/9 08:19:23.000,885701.429
19534,2018/4/9 08:49:24.000,885704
19534,2018/4/9 09:09:24.000,885706.429
19534,2018/4/9 09:24:24.000,885707.008
19534,2018/4/9 09:44:25.000,885709.429
19534,2018/4/9 10:14:23.000,885713.024
19534,2018/4/9 10:29:23.000,885714.429
19534,2018/4/9 10:49:24.000,885716.429
19534,2018/4/9 11:04:24.000,885718.016
19534,2018/4/9 11:19:24.000,885719.429
19534,2018/4/9 11:34:25.000,885721.024
19534,2018/4/9 12:14:23.000,885725.429
19534,2018/4/9 12:29:23.000,885726.016
19534,2018/4/9 12:49:23.000,885728
19534,2018/4/9 13:04:22.000,885730.429
19534,2018/4/9 13:24:24.000,885732.429
19534,2018/4/9 13:44:23.000,885734.016
19534,2018/4/9 13:59:24.000,885735.429
19534,2018/4/9 14:14:23.000,885737.024
19534,2018/4/9 14:34:24.000,885739.008
19534,2018/4/9 14:49:22.000,885740.032
19534,2018/4/9 15:04:25.000,885742.016
19534,2018/4/9 15:39:22.000,885745.024
19534,2018/4/9 15:54:23.000,885747.008
19534,2018/4/9 16:09:24.000,885748.429
19534,2018/4/9 16:24:23.000,885750.016
19534,2018/4/9 16:39:24.000,885751.429
19534,2018/4/9 16:54:22.000,885753.024
19534,2018/4/9 17:29:23.000,885756.032
19534,2018/4/9 17:59:19.000,885759.429
19534,2018/4/9 18:14:23.000,885761.024
19534,2018/4/9 18:29:24.000,885763.008
19534,2018/4/9 18:44:25.000,885764.429
19534,2018/4/9 19:04:23.000,885766.016
19534,2018/4/9 19:19:22.000,885768
19534,2018/4/9 19:29:23.000,885769.024
19534,2018/4/9 19:39:23.000,885770.429
19534,2018/4/9 19:49:24.000,885771.008
19534,2018/4/9 19:59:22.000,885772.032
19534,2018/4/9 20:09:26.000,885773.429
19534,2018/4/9 20:14:23.000,885774.016
19534,2018/4/9 20:24:29.000,885775.429
19534,2018/4/9 20:34:23.000,885776
19534,2018/4/9 20:44:25.000,885777.024
19534,2018/4/9 20:54:22.000,885778.429
19534,2018/4/9 21:04:23.000,885779.008
19534,2018/4/9 21:14:23.000,885780.429
19534,2018/4/9 21:24:23.000,885781.429
19534,2018/4/9 21:34:24.000,885782.016
19534,2018/4/9 21:44:21.000,885783.429
19534,2018/4/9 21:54:22.000,885784
19534,2018/4/9 22:04:22.000,885785.024
19534,2018/4/9 22:19:23.000,885786.429
19534,2018/4/9 22:34:23.000,885787.008
19534,2018/4/9 22:49:21.000,885788.032
19534,2018/4/9 23:04:26.000,885789.429
19534,2018/4/9 23:19:24.000,885790.016
19534,2018/4/9 23:34:23.000,885791.429
19534,2018/4/9 23:54:23.000,885792
19534,2018/4/10 00:04:22.000,885793.024
19534,2018/4/10 00:19:24.000,885794.429
19534,2018/4/10 00:34:22.000,885795.008
19534,2018/4/10 00:49:23.000,885796.429
19534,2018/4/10 01:04:23.000,885797.429
19534,2018/4/10 01:19:24.000,885798.016
19534,2018/4/10 01:34:26.000,885799.429
19534,2018/4/10 01:49:24.000,885800
19534,2018/4/10 02:04:22.000,885801.024
19534,2018/4/10 02:19:24.000,885802.429
19534,2018/4/10 02:29:24.000,885803.008
19534,2018/4/10 02:44:26.000,885804.032
19534,2018/4/10 02:59:22.000,885805.429
19534,2018/4/10 03:14:22.000,885806.016
19534,2018/4/10 03:29:23.000,885807.429
19534,2018/4/10 03:44:23.000,885808
19534,2018/4/10 03:59:23.000,885809.024
19534,2018/4/10 04:14:25.000,885810.429
19534,2018/4/10 04:29:27.000,885811.008
19534,2018/4/10 04:44:24.000,885812.429
19534,2018/4/10 04:59:30.000,885813.429
19534,2018/4/10 05:14:25.000,885814.016
19534,2018/4/10 05:29:26.000,885815.429
19534,2018/4/10 05:44:26.000,885816
19534,2018/4/10 05:54:26.000,885817.024
19534,2018/4/10 06:09:25.000,885818.429
19534,2018/4/10 06:24:24.000,885819.008
19534,2018/4/10 06:39:24.000,885820.032
19534,2018/4/10 06:59:27.000,885821.429
19534,2018/4/10 07:04:25.000,885822.016
19534,2018/4/10 07:14:25.000,885823.429
19534,2018/4/10 07:24:25.000,885824
19534,2018/4/10 07:39:24.000,885825.024
19534,2018/4/10 07:44:25.000,885826.429
19534,2018/4/10 07:54:26.000,885827.008
19534,2018/4/10 08:09:24.000,885828.429
19534,2018/4/10 08:14:26.000,885829.429
19534,2018/4/10 08:24:24.000,885830.016
19534,2018/4/10 08:34:25.000,885831.429
19534,2018/4/10 08:44:26.000,885832
19534,2018/4/10 08:59:25.000,885833.024
19534,2018/4/10 09:04:25.000,885834.429
