<?xml version="1.0" encoding="UTF-8"?><?xml-stylesheet type='text/xsl' href='_UpgradeReport_Files/UpgradeReport.xslt'?><UpgradeLog>
<Properties><Property Name="Solution" Value="Test_Bulk">
</Property><Property Name="解决方案文件" Value="C:\Program Files\LibUsbDotNet\Src\Test_Bulk\Test_Bulk.sln">
</Property><Property Name="Date" Value="2014年3月6日">
</Property><Property Name="Time" Value="15:38:28">
</Property></Properties><Event ErrorLevel="0" Project="Test_Bulk" Source="Test_Bulk.csproj" Description="项目文件已成功备份为 C:\Program Files\LibUsbDotNet\Src\Test_Bulk\Backup\Test_Bulk.csproj">
</Event><Event ErrorLevel="0" Project="Test_Bulk" Source="fTestBulk.cs" Description="文件已成功备份为 C:\Program Files\LibUsbDotNet\Src\Test_Bulk\Backup\fTestBulk.cs">
</Event><Event ErrorLevel="0" Project="Test_Bulk" Source="fTestBulk.Designer.cs" Description="文件已成功备份为 C:\Program Files\LibUsbDotNet\Src\Test_Bulk\Backup\fTestBulk.Designer.cs">
</Event><Event ErrorLevel="0" Project="Test_Bulk" Source="Program.cs" Description="文件已成功备份为 C:\Program Files\LibUsbDotNet\Src\Test_Bulk\Backup\Program.cs">
</Event><Event ErrorLevel="0" Project="Test_Bulk" Source="Properties\AssemblyInfo.cs" Description="文件已成功备份为 C:\Program Files\LibUsbDotNet\Src\Test_Bulk\Backup\Properties\AssemblyInfo.cs">
</Event><Event ErrorLevel="0" Project="Test_Bulk" Source="Properties\Resources.Designer.cs" Description="文件已成功备份为 C:\Program Files\LibUsbDotNet\Src\Test_Bulk\Backup\Properties\Resources.Designer.cs">
</Event><Event ErrorLevel="0" Project="Test_Bulk" Source="Properties\Settings.Designer.cs" Description="文件已成功备份为 C:\Program Files\LibUsbDotNet\Src\Test_Bulk\Backup\Properties\Settings.Designer.cs">
</Event><Event ErrorLevel="0" Project="Test_Bulk" Source="Properties\Settings.settings" Description="文件已成功备份为 C:\Program Files\LibUsbDotNet\Src\Test_Bulk\Backup\Properties\Settings.settings">
</Event><Event ErrorLevel="0" Project="Test_Bulk" Source="ReadMe.txt" Description="文件已成功备份为 C:\Program Files\LibUsbDotNet\Src\Test_Bulk\Backup\ReadMe.txt">
</Event><Event ErrorLevel="0" Project="Test_Bulk" Source="UsbIco.ico" Description="文件已成功备份为 C:\Program Files\LibUsbDotNet\Src\Test_Bulk\Backup\UsbIco.ico">
</Event><Event ErrorLevel="0" Project="Test_Bulk" Source="fTestBulk.resx" Description="文件已成功备份为 C:\Program Files\LibUsbDotNet\Src\Test_Bulk\Backup\fTestBulk.resx">
</Event><Event ErrorLevel="0" Project="Test_Bulk" Source="Properties\Resources.resx" Description="文件已成功备份为 C:\Program Files\LibUsbDotNet\Src\Test_Bulk\Backup\Properties\Resources.resx">
</Event><Event ErrorLevel="1" Project="Test_Bulk" Source="Test_Bulk.csproj" Description="您的项目以 .NET Framework 2.0 或 3.0 为目标。如果您的项目使用的程序集需要更新的 .NET Framework，则项目生成将失败。通过单击项目菜单上的“属性”，然后在“.NET Framework”下拉框中选择一个新版本，可以更改 .NET Framework 的版本。(在 Visual Basic 中，可在单击“高级编辑器选项...”按钮时显示的“编译”选项卡上找到此下拉框。)">
</Event><Event ErrorLevel="0" Project="Test_Bulk" Source="Test_Bulk.csproj" Description="项目已成功转换">
</Event><Event ErrorLevel="3" Project="Test_Bulk" Source="Test_Bulk.csproj" Description="Converted">
</Event><Event ErrorLevel="0" Project="Test_Bulk" Source="Test_Bulk.csproj" Description="扫描完成: 项目文件不需要升级。">
</Event></UpgradeLog>