ID,DepID,DepCode,EnterpriseID,Consumption,LastTestTime
40873808,10,1008,2,0,2018/8/1 0:59
40874379,10,1008,2,0,2018/8/1 1:59
40874950,10,1008,2,0,2018/8/1 0:59
40875521,10,1008,2,0,2018/8/1 1:59
40876092,10,1008,2,0,2018/8/1 2:59
40876663,10,1008,2,0,2018/8/1 3:59
40877234,10,1008,2,0,2018/8/1 4:59
40877805,10,1008,2,0,2018/8/1 5:59
40878376,10,1008,2,0,2018/8/1 6:59
40878947,10,1008,2,0,2018/8/1 7:59
40879518,10,1008,2,0,2018/8/1 8:59
40880089,10,1008,2,0,2018/8/1 9:59
40880660,10,1008,2,0,2018/8/1 10:59
40881231,10,1008,2,0,2018/8/1 11:59
40881802,10,1008,2,0,2018/8/1 12:59
40882373,10,1008,2,321.24,2018/8/1 13:59
40882944,10,1008,2,0,2018/8/1 0:59
40883515,10,1008,2,0,2018/8/1 1:59
40884086,10,1008,2,0,2018/8/1 2:59
40884657,10,1008,2,0,2018/8/1 3:59
40885228,10,1008,2,0,2018/8/1 4:59
40885799,10,1008,2,0,2018/8/1 5:59
40886370,10,1008,2,0,2018/8/1 6:59
40886941,10,1008,2,0,2018/8/1 7:59
40887512,10,1008,2,0,2018/8/1 8:59
40888083,10,1008,2,0,2018/8/1 9:59
40888654,10,1008,2,0,2018/8/1 10:59
40889225,10,1008,2,0,2018/8/1 11:59
40889796,10,1008,2,0,2018/8/1 12:59
40890367,10,1008,2,321.24,2018/8/1 13:59
40890938,10,1008,2,8.77,2018/8/1 14:59
40891509,10,1008,2,7.28,2018/8/1 15:59
40892080,10,1008,2,6.81,2018/8/1 16:59
40892651,10,1008,2,5.91,2018/8/1 17:59
40893222,10,1008,2,5.55,2018/8/1 18:59
40893793,10,1008,2,5.96,2018/8/1 19:59
40894364,10,1008,2,4.24,2018/8/1 20:59
40894935,10,1008,2,4.21,2018/8/1 21:59
40895506,10,1008,2,3.21,2018/8/1 22:59
40896077,10,1008,2,2.96,2018/8/1 23:59
40896648,10,1008,2,3.04,2018/8/2 0:59
40897219,10,1008,2,3.02,2018/8/2 1:59
40897790,10,1008,2,2.88,2018/8/2 2:59
40898361,10,1008,2,2.82,2018/8/2 3:59
40898932,10,1008,2,2.9,2018/8/2 4:59
40899503,10,1008,2,0,2018/8/2 5:59
40900074,10,1008,2,0,2018/8/2 6:59
41168020,10,1008,2,0,2018/8/1 0:59
41168591,10,1008,2,0,2018/8/1 1:59
41169162,10,1008,2,0,2018/8/1 2:59
41169733,10,1008,2,0,2018/8/1 3:59
41170304,10,1008,2,0,2018/8/1 4:59
41170875,10,1008,2,0,2018/8/1 5:59
41171446,10,1008,2,0,2018/8/1 6:59
41172017,10,1008,2,0,2018/8/1 7:59
41172588,10,1008,2,0,2018/8/1 8:59
41173159,10,1008,2,0,2018/8/1 9:59
41173730,10,1008,2,0,2018/8/1 10:59
41174301,10,1008,2,0,2018/8/1 11:59
41174872,10,1008,2,0,2018/8/1 12:59
41175443,10,1008,2,321.24,2018/8/1 13:59
41176014,10,1008,2,8.77,2018/8/1 14:59
41176585,10,1008,2,7.28,2018/8/1 15:59
41177156,10,1008,2,6.81,2018/8/1 16:59
41177727,10,1008,2,5.91,2018/8/1 17:59
41178298,10,1008,2,5.55,2018/8/1 18:59
41178869,10,1008,2,5.96,2018/8/1 19:59
41179440,10,1008,2,4.24,2018/8/1 20:59
41180011,10,1008,2,4.21,2018/8/1 21:59
41180582,10,1008,2,3.21,2018/8/1 22:59
41181153,10,1008,2,2.96,2018/8/1 23:59
41181724,10,1008,2,3.04,2018/8/2 0:59
41182295,10,1008,2,3.02,2018/8/2 1:59
41182866,10,1008,2,2.88,2018/8/2 2:59
41183437,10,1008,2,2.82,2018/8/2 3:59
41184008,10,1008,2,2.9,2018/8/2 4:59
41184579,10,1008,2,0,2018/8/2 5:59
41185150,10,1008,2,0,2018/8/2 6:59
41185721,10,1008,2,4.12,2018/8/2 7:59
41186292,10,1008,2,3.04,2018/8/2 0:59
41186863,10,1008,2,3.02,2018/8/2 1:59
41187434,10,1008,2,2.88,2018/8/2 2:59
41188005,10,1008,2,2.82,2018/8/2 3:59
41188576,10,1008,2,2.9,2018/8/2 4:59
41189147,10,1008,2,0,2018/8/2 5:59
41189718,10,1008,2,0,2018/8/2 6:59
41190289,10,1008,2,4.12,2018/8/2 7:59
41190860,10,1008,2,6.63,2018/8/2 8:59
41191431,10,1008,2,7.23,2018/8/2 9:59
41192002,10,1008,2,6.69,2018/8/2 10:59
41192573,10,1008,2,5.83,2018/8/2 11:59
41193144,10,1008,2,6.18,2018/8/2 12:59
41193715,10,1008,2,6.18,2018/8/2 13:59
41194286,10,1008,2,6.94,2018/8/2 14:59
41194857,10,1008,2,6.78,2018/8/2 15:59
41195428,10,1008,2,6.31,2018/8/2 16:59
41195999,10,1008,2,5.51,2018/8/2 17:59
41196570,10,1008,2,4.98,2018/8/2 18:59
41197141,10,1008,2,4.26,2018/8/2 19:59
41197712,10,1008,2,4.28,2018/8/2 20:59
41198283,10,1008,2,3.66,2018/8/2 21:59
41198854,10,1008,2,2.88,2018/8/2 22:59
41199425,10,1008,2,2.81,2018/8/2 23:59
41199996,10,1008,2,2.74,2018/8/3 0:59
41200567,10,1008,2,2.69,2018/8/3 1:59
41201138,10,1008,2,2.59,2018/8/3 2:59
41201709,10,1008,2,2.75,2018/8/3 3:59
41202280,10,1008,2,2.65,2018/8/3 4:59
41202851,10,1008,2,2.63,2018/8/3 5:59
41203422,10,1008,2,2.89,2018/8/3 6:59
41203993,10,1008,2,4.03,2018/8/3 7:59
41204564,10,1008,2,4.67,2018/8/3 8:59
41205135,10,1008,2,6.24,2018/8/3 9:59
41205706,10,1008,2,6.83,2018/8/3 10:59
41206277,10,1008,2,6.32,2018/8/3 11:59
41206848,10,1008,2,6.82,2018/8/3 12:59
41207419,10,1008,2,6.63,2018/8/3 13:59
41207990,10,1008,2,6.96,2018/8/3 14:59
41208561,10,1008,2,6.89,2018/8/3 15:59
41209132,10,1008,2,6.28,2018/8/3 16:59
41209703,10,1008,2,5.55,2018/8/3 17:59
41210274,10,1008,2,4.92,2018/8/3 18:59
41210845,10,1008,2,4.48,2018/8/3 19:59
41211416,10,1008,2,3.81,2018/8/3 20:59
41211987,10,1008,2,4.23,2018/8/3 21:59
41212558,10,1008,2,2.64,2018/8/3 22:59
41213129,10,1008,2,2.47,2018/8/3 23:59
41213700,10,1008,2,2.52,2018/8/4 0:59
41214271,10,1008,2,2.46,2018/8/4 1:59
41214842,10,1008,2,2.51,2018/8/4 2:59
41215413,10,1008,2,2.19,2018/8/4 3:59
41215984,10,1008,2,2.86,2018/8/4 4:59
41216555,10,1008,2,2.52,2018/8/4 5:59
41217126,10,1008,2,2.55,2018/8/4 6:59
41217697,10,1008,2,4.19,2018/8/4 7:59
41218268,10,1008,2,4.49,2018/8/4 8:59
41218839,10,1008,2,4.92,2018/8/4 9:59
41219410,10,1008,2,5.29,2018/8/4 10:59
41219981,10,1008,2,5.48,2018/8/4 11:59
41220552,10,1008,2,5.83,2018/8/4 12:59
41221123,10,1008,2,5.38,2018/8/4 13:59
41221694,10,1008,2,6.02,2018/8/4 14:59
41222265,10,1008,2,6.06,2018/8/4 15:59
41222836,10,1008,2,5.34,2018/8/4 16:59
41223407,10,1008,2,5.16,2018/8/4 17:59
41223978,10,1008,2,5.2,2018/8/4 18:59
41224549,10,1008,2,4.9,2018/8/4 19:59
41225120,10,1008,2,4.37,2018/8/4 20:59
41225691,10,1008,2,4.37,2018/8/4 21:59
41226262,10,1008,2,2.73,2018/8/4 22:59
41226833,10,1008,2,2.62,2018/8/4 23:59
41227404,10,1008,2,2.6,2018/8/5 0:59
41227975,10,1008,2,2.66,2018/8/5 1:59
41228546,10,1008,2,2.54,2018/8/5 2:59
41229117,10,1008,2,2.59,2018/8/5 3:59
41229688,10,1008,2,2.61,2018/8/5 4:59
41230259,10,1008,2,2.43,2018/8/5 5:59
41230830,10,1008,2,2.62,2018/8/5 6:59
41231401,10,1008,2,3.68,2018/8/5 7:59
41231972,10,1008,2,4.14,2018/8/5 8:59
41232543,10,1008,2,5.45,2018/8/5 9:59
41233114,10,1008,2,5.78,2018/8/5 10:59
41233685,10,1008,2,5.4,2018/8/5 11:59
41234256,10,1008,2,5.67,2018/8/5 12:59
41234827,10,1008,2,5.71,2018/8/5 13:59
41235398,10,1008,2,6.74,2018/8/5 14:59
41235969,10,1008,2,6.39,2018/8/5 15:59
41236540,10,1008,2,6.67,2018/8/5 16:59
41237111,10,1008,2,6.04,2018/8/5 17:59
41237682,10,1008,2,6.04,2018/8/5 18:59
41238253,10,1008,2,4.8,2018/8/5 19:59
41238824,10,1008,2,4.15,2018/8/5 20:59
41239395,10,1008,2,4.36,2018/8/5 21:59
41239966,10,1008,2,2.73,2018/8/5 22:59
41240537,10,1008,2,3.73,2018/8/5 23:59
41241108,10,1008,2,2.59,2018/8/6 0:59
41241679,10,1008,2,2.66,2018/8/6 1:59
41242250,10,1008,2,2.62,2018/8/6 2:59
41242821,10,1008,2,2.61,2018/8/6 3:59
41243392,10,1008,2,2.67,2018/8/6 4:59
41243963,10,1008,2,2.56,2018/8/6 5:59
41244534,10,1008,2,2.93,2018/8/6 6:59
41245105,10,1008,2,3.98,2018/8/6 7:59
41245676,10,1008,2,5.56,2018/8/6 8:59
41246247,10,1008,2,8.58,2018/8/6 9:59
41246818,10,1008,2,7.46,2018/8/6 10:59
41247389,10,1008,2,6.45,2018/8/6 11:59
41247960,10,1008,2,6.11,2018/8/6 12:59
41248531,10,1008,2,7.01,2018/8/6 13:59
41249102,10,1008,2,7.69,2018/8/6 14:59
41249673,10,1008,2,7.71,2018/8/6 15:59
41250244,10,1008,2,7.18,2018/8/6 16:59
41250815,10,1008,2,6.74,2018/8/6 17:59
41251386,10,1008,2,5.55,2018/8/6 18:59
41251957,10,1008,2,5.74,2018/8/6 19:59
41252528,10,1008,2,4.51,2018/8/6 20:59
41253099,10,1008,2,5.14,2018/8/6 21:59
41253670,10,1008,2,3.46,2018/8/6 22:59
41254241,10,1008,2,3.16,2018/8/6 23:59
41254812,10,1008,2,2.88,2018/8/7 0:59
41255383,10,1008,2,2.71,2018/8/7 1:59
41255954,10,1008,2,2.85,2018/8/7 2:59
41256525,10,1008,2,2.62,2018/8/7 3:59
41257096,10,1008,2,2.58,2018/8/7 4:59
41257667,10,1008,2,2.69,2018/8/7 5:59
41258238,10,1008,2,3.43,2018/8/7 6:59
41258809,10,1008,2,4.87,2018/8/7 7:59
41259380,10,1008,2,4.89,2018/8/7 8:59
41259951,10,1008,2,6.23,2018/8/7 9:59
41260522,10,1008,2,5.71,2018/8/7 10:59
41261093,10,1008,2,0,2018/8/7 11:59
41261664,10,1008,2,0,2018/8/7 12:59
41262235,10,1008,2,19.19,2018/8/7 13:59
41262806,10,1008,2,7.02,2018/8/7 14:59
41263377,10,1008,2,6.66,2018/8/7 15:59
41263948,10,1008,2,6.09,2018/8/7 16:59
41264519,10,1008,2,4.95,2018/8/7 17:59
41265090,10,1008,2,4.94,2018/8/7 18:59
41265661,10,1008,2,4.62,2018/8/7 19:59
41266232,10,1008,2,3.68,2018/8/7 20:59
41266803,10,1008,2,3.84,2018/8/7 21:59
41267374,10,1008,2,2.59,2018/8/7 22:59
41267945,10,1008,2,2.74,2018/8/7 23:59
41268516,10,1008,2,2.68,2018/8/8 0:59
41269087,10,1008,2,2.62,2018/8/8 1:59
41269658,10,1008,2,2.53,2018/8/8 2:59
41270229,10,1008,2,2.56,2018/8/8 3:59
41270800,10,1008,2,2.39,2018/8/8 4:59
41271371,10,1008,2,2.43,2018/8/8 5:59
41271942,10,1008,2,2.58,2018/8/8 6:59
41272513,10,1008,2,3.98,2018/8/8 7:59
41273084,10,1008,2,5.76,2018/8/8 8:59
41273655,10,1008,2,7.02,2018/8/8 9:59
41274226,10,1008,2,6.69,2018/8/8 10:59
41274797,10,1008,2,6.79,2018/8/8 11:59
41275368,10,1008,2,5.99,2018/8/8 12:59
41275939,10,1008,2,6.18,2018/8/8 13:59
41276510,10,1008,2,7.13,2018/8/8 14:59
41277081,10,1008,2,7.39,2018/8/8 15:59
41277652,10,1008,2,5.98,2018/8/8 16:59
41278223,10,1008,2,5.67,2018/8/8 17:59
41278794,10,1008,2,4.59,2018/8/8 18:59
41279365,10,1008,2,4.34,2018/8/8 19:59
41279936,10,1008,2,4.69,2018/8/8 20:59
41280507,10,1008,2,4.15,2018/8/8 21:59
41281078,10,1008,2,3.39,2018/8/8 22:59
41281649,10,1008,2,2.81,2018/8/8 23:59
41282220,10,1008,2,2.66,2018/8/9 0:59
41282791,10,1008,2,2.74,2018/8/9 1:59
41283362,10,1008,2,2.76,2018/8/9 2:59
41283933,10,1008,2,2.62,2018/8/9 3:59
41284504,10,1008,2,2.55,2018/8/9 4:59
41285075,10,1008,2,2.82,2018/8/9 5:59
41285646,10,1008,2,2.9,2018/8/9 6:59
41286217,10,1008,2,4.21,2018/8/9 7:59
41286788,10,1008,2,6.58,2018/8/9 8:59
41287359,10,1008,2,6.24,2018/8/9 9:59
41287930,10,1008,2,7.24,2018/8/9 10:59
41288501,10,1008,2,5.65,2018/8/9 11:59
41289072,10,1008,2,5.41,2018/8/9 12:59
41289643,10,1008,2,7.26,2018/8/9 13:59
41290214,10,1008,2,6.65,2018/8/9 14:59
41290785,10,1008,2,7.05,2018/8/9 15:59
41291356,10,1008,2,6.95,2018/8/9 16:59
41291927,10,1008,2,5.47,2018/8/9 17:59
41292498,10,1008,2,5.84,2018/8/9 18:59
41293069,10,1008,2,5.21,2018/8/9 19:59
41293640,10,1008,2,4.56,2018/8/9 20:59
41294211,10,1008,2,4.63,2018/8/9 21:59
41294782,10,1008,2,3.5,2018/8/9 22:59
41295353,10,1008,2,3.1,2018/8/9 23:59
41295924,10,1008,2,2.72,2018/8/10 0:59
41296495,10,1008,2,2.8,2018/8/10 1:59
41297066,10,1008,2,2.77,2018/8/10 2:59
41297637,10,1008,2,2.85,2018/8/10 3:59
41298208,10,1008,2,2.72,2018/8/10 4:59
41298779,10,1008,2,2.76,2018/8/10 5:59
41299350,10,1008,2,4.35,2018/8/10 6:59
41299921,10,1008,2,3.97,2018/8/10 7:59
41300492,10,1008,2,4.9,2018/8/10 8:59
41301063,10,1008,2,5.42,2018/8/10 9:59
41301634,10,1008,2,5.62,2018/8/10 10:59
41302205,10,1008,2,4.75,2018/8/10 11:59
41302776,10,1008,2,4.69,2018/8/10 12:59
41303347,10,1008,2,5.11,2018/8/10 13:59
41303918,10,1008,2,5.66,2018/8/10 14:59
41304489,10,1008,2,5.35,2018/8/10 15:59
41305060,10,1008,2,5.27,2018/8/10 16:59
41305631,10,1008,2,4.37,2018/8/10 17:59
41306202,10,1008,2,4.25,2018/8/10 18:59
41306773,10,1008,2,4.09,2018/8/10 19:59
41307344,10,1008,2,4.23,2018/8/10 20:59
41307915,10,1008,2,3.8,2018/8/10 21:59
41308486,10,1008,2,2.73,2018/8/10 22:59
41309057,10,1008,2,2.63,2018/8/10 23:59
41309628,10,1008,2,2.79,2018/8/11 0:59
41310199,10,1008,2,2.63,2018/8/11 1:59
41310770,10,1008,2,2.64,2018/8/11 2:59
41311341,10,1008,2,2.53,2018/8/11 3:59
41311912,10,1008,2,2.64,2018/8/11 4:59
41312483,10,1008,2,2.52,2018/8/11 5:59
41313054,10,1008,2,2.68,2018/8/11 6:59
41313625,10,1008,2,4.17,2018/8/11 7:59
41314196,10,1008,2,4.42,2018/8/11 8:59
41314767,10,1008,2,6.45,2018/8/11 9:59
41315338,10,1008,2,5.6,2018/8/11 10:59
41315909,10,1008,2,5.84,2018/8/11 11:59
41316480,10,1008,2,5.38,2018/8/11 12:59
41317051,10,1008,2,5.83,2018/8/11 13:59
41317622,10,1008,2,6.72,2018/8/11 14:59
41318193,10,1008,2,6.42,2018/8/11 15:59
41318764,10,1008,2,5.75,2018/8/11 16:59
41319335,10,1008,2,5.27,2018/8/11 17:59
41319906,10,1008,2,4.75,2018/8/11 18:59
41320477,10,1008,2,4.68,2018/8/11 19:59
41321048,10,1008,2,4.12,2018/8/11 20:59
41321619,10,1008,2,4.13,2018/8/11 21:59
41322190,10,1008,2,2.82,2018/8/11 22:59
41322761,10,1008,2,2.68,2018/8/11 23:59
41323332,10,1008,2,2.54,2018/8/12 0:59
41323903,10,1008,2,2.68,2018/8/12 1:59
41324474,10,1008,2,2.66,2018/8/12 2:59
41325045,10,1008,2,2.6,2018/8/12 3:59
41325616,10,1008,2,2.67,2018/8/12 4:59
41326187,10,1008,2,2.58,2018/8/12 5:59
41326758,10,1008,2,2.8,2018/8/12 6:59
41327329,10,1008,2,3.29,2018/8/12 7:59
41327900,10,1008,2,3.8,2018/8/12 8:59
41328471,10,1008,2,4.48,2018/8/12 9:59
41329042,10,1008,2,5.92,2018/8/12 10:59
41329613,10,1008,2,5.13,2018/8/12 11:59
41330184,10,1008,2,4.84,2018/8/12 12:59
41330755,10,1008,2,5.08,2018/8/12 13:59
41331326,10,1008,2,5.08,2018/8/12 14:59
41331897,10,1008,2,5.46,2018/8/12 15:59
41332468,10,1008,2,5.28,2018/8/12 16:59
41333039,10,1008,2,4.94,2018/8/12 17:59
41333610,10,1008,2,4.86,2018/8/12 18:59
41334181,10,1008,2,4.61,2018/8/12 19:59
41334752,10,1008,2,3.86,2018/8/12 20:59
41335323,10,1008,2,3.88,2018/8/12 21:59
41335894,10,1008,2,2.72,2018/8/12 22:59
41336465,10,1008,2,2.34,2018/8/12 23:59
41337036,10,1008,2,2.37,2018/8/13 0:59
41337607,10,1008,2,2.3,2018/8/13 1:59
41338178,10,1008,2,2.48,2018/8/13 2:59
41338749,10,1008,2,2.49,2018/8/13 3:59
41339320,10,1008,2,2.48,2018/8/13 4:59
41339891,10,1008,2,2.62,2018/8/13 5:59
41340462,10,1008,2,2.57,2018/8/13 6:59
41341033,10,1008,2,3.47,2018/8/13 7:59
41341604,10,1008,2,4.4,2018/8/13 8:59
41342175,10,1008,2,6.75,2018/8/13 9:59
41342746,10,1008,2,6.31,2018/8/13 10:59
41343317,10,1008,2,5.9,2018/8/13 11:59
41343888,10,1008,2,5.52,2018/8/13 12:59
41344459,10,1008,2,5.57,2018/8/13 13:59
41345030,10,1008,2,6.14,2018/8/13 14:59
41345601,10,1008,2,5.77,2018/8/13 15:59
41346172,10,1008,2,6.37,2018/8/13 16:59
41346743,10,1008,2,5.22,2018/8/13 17:59
41347314,10,1008,2,4.31,2018/8/13 18:59
41347885,10,1008,2,4.17,2018/8/13 19:59
41348456,10,1008,2,4.31,2018/8/13 20:59
41349027,10,1008,2,4.14,2018/8/13 21:59
41349598,10,1008,2,2.63,2018/8/13 22:59
41350169,10,1008,2,3.02,2018/8/13 23:59
41350740,10,1008,2,2.41,2018/8/14 0:59
41351311,10,1008,2,2.52,2018/8/14 1:59
41351882,10,1008,2,2.35,2018/8/14 2:59
41352453,10,1008,2,2.44,2018/8/14 3:59
41353024,10,1008,2,2.32,2018/8/14 4:59
41353595,10,1008,2,2.41,2018/8/14 5:59
41354166,10,1008,2,2.34,2018/8/14 6:59
41354737,10,1008,2,3.2,2018/8/14 7:59
41355308,10,1008,2,4.15,2018/8/14 8:59
41355879,10,1008,2,6.03,2018/8/14 9:59
41356450,10,1008,2,5.74,2018/8/14 10:59
41357021,10,1008,2,5.54,2018/8/14 11:59
41357592,10,1008,2,5.76,2018/8/14 12:59
41358163,10,1008,2,5.97,2018/8/14 13:59
41358734,10,1008,2,6.14,2018/8/14 14:59
41359305,10,1008,2,6.67,2018/8/14 15:59
41359876,10,1008,2,6.79,2018/8/14 16:59
41360447,10,1008,2,5.66,2018/8/14 17:59
41361018,10,1008,2,5.25,2018/8/14 18:59
41361589,10,1008,2,5.1,2018/8/14 19:59
41362160,10,1008,2,4.94,2018/8/14 20:59
41362731,10,1008,2,4.23,2018/8/14 21:59
41363302,10,1008,2,2.8,2018/8/14 22:59
41363873,10,1008,2,2.69,2018/8/14 23:59
41364444,10,1008,2,2.5,2018/8/15 0:59
41365015,10,1008,2,2.49,2018/8/15 1:59
41365586,10,1008,2,2.36,2018/8/15 2:59
41366157,10,1008,2,2.47,2018/8/15 3:59
41366728,10,1008,2,2.35,2018/8/15 4:59
41367299,10,1008,2,2.39,2018/8/15 5:59
41367870,10,1008,2,2.45,2018/8/15 6:59
41368441,10,1008,2,3.28,2018/8/15 7:59
41369012,10,1008,2,5.58,2018/8/15 8:59
41369583,10,1008,2,6.42,2018/8/15 9:59
41370154,10,1008,2,5.92,2018/8/15 10:59
41370725,10,1008,2,5.66,2018/8/15 11:59
41371296,10,1008,2,5.26,2018/8/15 12:59
41371867,10,1008,2,5.21,2018/8/15 13:59
41372438,10,1008,2,6.26,2018/8/15 14:59
41373009,10,1008,2,6.08,2018/8/15 15:59
41373580,10,1008,2,5.96,2018/8/15 16:59
41374151,10,1008,2,5.3,2018/8/15 17:59
41374722,10,1008,2,5.54,2018/8/15 18:59
41375293,10,1008,2,5.12,2018/8/15 19:59
41375864,10,1008,2,4.43,2018/8/15 20:59
41376435,10,1008,2,4.24,2018/8/15 21:59
41377006,10,1008,2,3.45,2018/8/15 22:59
41377577,10,1008,2,3.78,2018/8/15 23:59
41378148,10,1008,2,3.06,2018/8/16 0:59
41378719,10,1008,2,2.88,2018/8/16 1:59
41379290,10,1008,2,2.77,2018/8/16 2:59
41379861,10,1008,2,2.8,2018/8/16 3:59
41380432,10,1008,2,2.7,2018/8/16 4:59
41381003,10,1008,2,2.83,2018/8/16 5:59
41381574,10,1008,2,3.15,2018/8/16 6:59
41382145,10,1008,2,4.01,2018/8/16 7:59
41382716,10,1008,2,5.89,2018/8/16 8:59
41383287,10,1008,2,6.41,2018/8/16 9:59
41383858,10,1008,2,6.46,2018/8/16 10:59
41384429,10,1008,2,6.7,2018/8/16 11:59
41385000,10,1008,2,5.97,2018/8/16 12:59
41385571,10,1008,2,6.91,2018/8/16 13:59
41386142,10,1008,2,6.7,2018/8/16 14:59
41386713,10,1008,2,6.45,2018/8/16 15:59
41387284,10,1008,2,6.36,2018/8/16 16:59
41387855,10,1008,2,5.24,2018/8/16 17:59
41388426,10,1008,2,4.49,2018/8/16 18:59
41388997,10,1008,2,4.83,2018/8/16 19:59
41389568,10,1008,2,4.38,2018/8/16 20:59
41390139,10,1008,2,4.06,2018/8/16 21:59
41390710,10,1008,2,3.57,2018/8/16 22:59
41391281,10,1008,2,2.97,2018/8/16 23:59
41391852,10,1008,2,2.67,2018/8/17 0:59
41392423,10,1008,2,2.71,2018/8/17 1:59
41392994,10,1008,2,2.66,2018/8/17 2:59
41393565,10,1008,2,2.71,2018/8/17 3:59
41394136,10,1008,2,2.73,2018/8/17 4:59
41394707,10,1008,2,2.64,2018/8/17 5:59
41395278,10,1008,2,3.23,2018/8/17 6:59
41395849,10,1008,2,3.56,2018/8/17 7:59
41396420,10,1008,2,4.97,2018/8/17 8:59
41396991,10,1008,2,5.4,2018/8/17 9:59
41397562,10,1008,2,5.64,2018/8/17 10:59
41398133,10,1008,2,5.04,2018/8/17 11:59
41398704,10,1008,2,4.72,2018/8/17 12:59
41399275,10,1008,2,4.72,2018/8/17 13:59
41399846,10,1008,2,5.62,2018/8/17 14:59
41400417,10,1008,2,5.25,2018/8/17 15:59
41400988,10,1008,2,5.09,2018/8/17 16:59
41401559,10,1008,2,4.99,2018/8/17 17:59
41402130,10,1008,2,4.27,2018/8/17 18:59
41402701,10,1008,2,4.17,2018/8/17 19:59
41403272,10,1008,2,4.38,2018/8/17 20:59
41403843,10,1008,2,4.45,2018/8/17 21:59
41404414,10,1008,2,3.21,2018/8/17 22:59
41404985,10,1008,2,2.74,2018/8/17 23:59
41405556,10,1008,2,2.7,2018/8/18 0:59
41406127,10,1008,2,2.69,2018/8/18 1:59
41406698,10,1008,2,2.72,2018/8/18 2:59
41407269,10,1008,2,2.67,2018/8/18 3:59
41407840,10,1008,2,2.75,2018/8/18 4:59
41408411,10,1008,2,2.74,2018/8/18 5:59
41408982,10,1008,2,2.78,2018/8/18 6:59
41409553,10,1008,2,3.67,2018/8/18 7:59
41410124,10,1008,2,5.79,2018/8/18 8:59
41410695,10,1008,2,5.06,2018/8/18 9:59
41411266,10,1008,2,4.87,2018/8/18 10:59
41411837,10,1008,2,5.04,2018/8/18 11:59
41412408,10,1008,2,5.17,2018/8/18 12:59
41412979,10,1008,2,5.12,2018/8/18 13:59
41413550,10,1008,2,5.19,2018/8/18 14:59
41414121,10,1008,2,4.87,2018/8/18 15:59
41414692,10,1008,2,4.99,2018/8/18 16:59
41415263,10,1008,2,4,2018/8/18 17:59
41415834,10,1008,2,3.9,2018/8/18 18:59
41416405,10,1008,2,3.89,2018/8/18 19:59
41416976,10,1008,2,4.1,2018/8/18 20:59
41417547,10,1008,2,3.94,2018/8/18 21:59
41418118,10,1008,2,2.86,2018/8/18 22:59
41418689,10,1008,2,2.97,2018/8/18 23:59
41419260,10,1008,2,2.94,2018/8/19 0:59
41419831,10,1008,2,2.61,2018/8/19 1:59
41420402,10,1008,2,2.65,2018/8/19 2:59
41420973,10,1008,2,2.61,2018/8/19 3:59
41421544,10,1008,2,2.73,2018/8/19 4:59
41422115,10,1008,2,2.7,2018/8/19 5:59
41422686,10,1008,2,2.75,2018/8/19 6:59
41423257,10,1008,2,3.76,2018/8/19 7:59
41423828,10,1008,2,4.47,2018/8/19 8:59
41424399,10,1008,2,5.16,2018/8/19 9:59
41424970,10,1008,2,4.88,2018/8/19 10:59
41425541,10,1008,2,4.58,2018/8/19 11:59
41426112,10,1008,2,4.21,2018/8/19 12:59
41426683,10,1008,2,5.34,2018/8/19 13:59
41427254,10,1008,2,4.97,2018/8/19 14:59
41427825,10,1008,2,4.99,2018/8/19 15:59
41428396,10,1008,2,5.54,2018/8/19 16:59
41428967,10,1008,2,4.5,2018/8/19 17:59
41429538,10,1008,2,4.48,2018/8/19 18:59
41430109,10,1008,2,3.87,2018/8/19 19:59
41430680,10,1008,2,3.88,2018/8/19 20:59
41431251,10,1008,2,3.85,2018/8/19 21:59
41431822,10,1008,2,3.45,2018/8/19 22:59
41432393,10,1008,2,2.93,2018/8/19 23:59
41432964,10,1008,2,2.78,2018/8/20 0:59
41433535,10,1008,2,2.79,2018/8/20 1:59
41434106,10,1008,2,2.7,2018/8/20 2:59
41434677,10,1008,2,2.75,2018/8/20 3:59
41435248,10,1008,2,2.85,2018/8/20 4:59
41435819,10,1008,2,2.78,2018/8/20 5:59
41436390,10,1008,2,2.86,2018/8/20 6:59
41436961,10,1008,2,3.9,2018/8/20 7:59
41437532,10,1008,2,4.15,2018/8/20 8:59
41438103,10,1008,2,5.88,2018/8/20 9:59
41438674,10,1008,2,5.42,2018/8/20 10:59
41439245,10,1008,2,5.34,2018/8/20 11:59
41439816,10,1008,2,5.69,2018/8/20 12:59
41440387,10,1008,2,5.68,2018/8/20 13:59
41440958,10,1008,2,6.38,2018/8/20 14:59
41441529,10,1008,2,6.45,2018/8/20 15:59
41442100,10,1008,2,5.66,2018/8/20 16:59
41442671,10,1008,2,5.42,2018/8/20 17:59
41443242,10,1008,2,4.85,2018/8/20 18:59
41443813,10,1008,2,4.7,2018/8/20 19:59
41444384,10,1008,2,3.86,2018/8/20 20:59
41444955,10,1008,2,4.75,2018/8/20 21:59
41445526,10,1008,2,3.14,2018/8/20 22:59
41446097,10,1008,2,3.13,2018/8/20 23:59
41446668,10,1008,2,3.19,2018/8/21 0:59
41447239,10,1008,2,3.07,2018/8/21 1:59
41447810,10,1008,2,3.04,2018/8/21 2:59
41448381,10,1008,2,3.04,2018/8/21 3:59
41448952,10,1008,2,3.04,2018/8/21 4:59
41449523,10,1008,2,3.18,2018/8/21 5:59
41450094,10,1008,2,3.1,2018/8/21 6:59
41450665,10,1008,2,4.04,2018/8/21 7:59
41451236,10,1008,2,5.81,2018/8/21 8:59
41451807,10,1008,2,5.82,2018/8/21 9:59
41452378,10,1008,2,5.72,2018/8/21 10:59
41452949,10,1008,2,5.77,2018/8/21 11:59
41453520,10,1008,2,5.19,2018/8/21 12:59
41454091,10,1008,2,5.07,2018/8/21 13:59
41454662,10,1008,2,6.01,2018/8/21 14:59
41455233,10,1008,2,6.11,2018/8/21 15:59
41455804,10,1008,2,5.46,2018/8/21 16:59
41456375,10,1008,2,4.8,2018/8/21 17:59
41456946,10,1008,2,4.68,2018/8/21 18:59
41457517,10,1008,2,4.62,2018/8/21 19:59
41458088,10,1008,2,4.27,2018/8/21 20:59
41458659,10,1008,2,4.98,2018/8/21 21:59
41459230,10,1008,2,3.33,2018/8/21 22:59
41459801,10,1008,2,3.18,2018/8/21 23:59
41460372,10,1008,2,3,2018/8/22 0:59
41460943,10,1008,2,3,2018/8/22 1:59
41461514,10,1008,2,3.06,2018/8/22 2:59
41462085,10,1008,2,2.94,2018/8/22 3:59
41462656,10,1008,2,3.08,2018/8/22 4:59
41463227,10,1008,2,3.01,2018/8/22 5:59
41463798,10,1008,2,3.54,2018/8/22 6:59
41464369,10,1008,2,4.69,2018/8/22 7:59
41464940,10,1008,2,5.1,2018/8/22 8:59
41465511,10,1008,2,5.31,2018/8/22 9:59
41466082,10,1008,2,4.98,2018/8/22 10:59
41466653,10,1008,2,4.86,2018/8/22 11:59
41467224,10,1008,2,4.76,2018/8/22 12:59
41467795,10,1008,2,5.74,2018/8/22 13:59
41468366,10,1008,2,5.51,2018/8/22 14:59
41468937,10,1008,2,5.54,2018/8/22 15:59
41469508,10,1008,2,5.41,2018/8/22 16:59
41470079,10,1008,2,5.92,2018/8/22 17:59
41470650,10,1008,2,4.9,2018/8/22 18:59
41471221,10,1008,2,4.85,2018/8/22 19:59
41471792,10,1008,2,5.08,2018/8/22 20:59
41472363,10,1008,2,4.92,2018/8/22 21:59
41472934,10,1008,2,3.24,2018/8/22 22:59
41473505,10,1008,2,3.08,2018/8/22 23:59
41474076,10,1008,2,3.05,2018/8/23 0:59
41474647,10,1008,2,3.14,2018/8/23 1:59
41475218,10,1008,2,3.12,2018/8/23 2:59
41475789,10,1008,2,3.12,2018/8/23 3:59
41476360,10,1008,2,3.21,2018/8/23 4:59
41476931,10,1008,2,3.22,2018/8/23 5:59
41477502,10,1008,2,3.14,2018/8/23 6:59
41478073,10,1008,2,5.57,2018/8/23 7:59
41478644,10,1008,2,5.62,2018/8/23 8:59
41479215,10,1008,2,6.43,2018/8/23 9:59
41479786,10,1008,2,6.32,2018/8/23 10:59
41480357,10,1008,2,5.41,2018/8/23 11:59
41480928,10,1008,2,5.84,2018/8/23 12:59
41481499,10,1008,2,5.82,2018/8/23 13:59
41482070,10,1008,2,6.14,2018/8/23 14:59
41482641,10,1008,2,6.21,2018/8/23 15:59
41483212,10,1008,2,5.82,2018/8/23 16:59
41483783,10,1008,2,5.34,2018/8/23 17:59
41484354,10,1008,2,5.52,2018/8/23 18:59
41484925,10,1008,2,5.56,2018/8/23 19:59
41485496,10,1008,2,5.08,2018/8/23 20:59
41486067,10,1008,2,4.33,2018/8/23 21:59
41486638,10,1008,2,3.01,2018/8/23 22:59
41487209,10,1008,2,3.13,2018/8/23 23:59
41487780,10,1008,2,3.02,2018/8/24 0:59
41488351,10,1008,2,3.08,2018/8/24 1:59
41488922,10,1008,2,3.08,2018/8/24 2:59
41489493,10,1008,2,2.9,2018/8/24 3:59
41490064,10,1008,2,2.94,2018/8/24 4:59
41490635,10,1008,2,3.11,2018/8/24 5:59
41491206,10,1008,2,4.77,2018/8/24 6:59
41491777,10,1008,2,4.13,2018/8/24 7:59
41492348,10,1008,2,5.35,2018/8/24 8:59
41492919,10,1008,2,5.65,2018/8/24 9:59
41493490,10,1008,2,5.6,2018/8/24 10:59
41494061,10,1008,2,6.2,2018/8/24 11:59
41494632,10,1008,2,5.02,2018/8/24 12:59
41495203,10,1008,2,5.11,2018/8/24 13:59
41495774,10,1008,2,5.84,2018/8/24 14:59
41496345,10,1008,2,5.49,2018/8/24 15:59
41496916,10,1008,2,5.11,2018/8/24 16:59
41497487,10,1008,2,4.31,2018/8/24 17:59
41498058,10,1008,2,5.83,2018/8/24 18:59
41498629,10,1008,2,4.84,2018/8/24 19:59
41499200,10,1008,2,4.38,2018/8/24 20:59
41499771,10,1008,2,5.37,2018/8/24 21:59
41500342,10,1008,2,3.35,2018/8/24 22:59
41500913,10,1008,2,3.07,2018/8/24 23:59
41501484,10,1008,2,2.89,2018/8/25 0:59
41502055,10,1008,2,2.86,2018/8/25 1:59
41502626,10,1008,2,2.92,2018/8/25 2:59
41503197,10,1008,2,2.91,2018/8/25 3:59
41503768,10,1008,2,2.95,2018/8/25 4:59
41504339,10,1008,2,3.6,2018/8/25 5:59
41504910,10,1008,2,2.94,2018/8/25 6:59
41505481,10,1008,2,3.62,2018/8/25 7:59
41506052,10,1008,2,4.13,2018/8/25 8:59
41506623,10,1008,2,6.03,2018/8/25 9:59
41507194,10,1008,2,5.92,2018/8/25 10:59
41507765,10,1008,2,5.23,2018/8/25 11:59
41508336,10,1008,2,4.87,2018/8/25 12:59
41508907,10,1008,2,4.56,2018/8/25 13:59
41509478,10,1008,2,5.65,2018/8/25 14:59
41510049,10,1008,2,5.27,2018/8/25 15:59
41510620,10,1008,2,4.96,2018/8/25 16:59
41511191,10,1008,2,4.91,2018/8/25 17:59
41511762,10,1008,2,4.36,2018/8/25 18:59
41512333,10,1008,2,4.22,2018/8/25 19:59
41512904,10,1008,2,3.68,2018/8/25 20:59
41513475,10,1008,2,4.08,2018/8/25 21:59
41514046,10,1008,2,2.69,2018/8/25 22:59
41514617,10,1008,2,2.5,2018/8/25 23:59
41515188,10,1008,2,2.48,2018/8/26 0:59
41515759,10,1008,2,2.42,2018/8/26 1:59
41516330,10,1008,2,2.52,2018/8/26 2:59
41516901,10,1008,2,2.39,2018/8/26 3:59
41517472,10,1008,2,2.46,2018/8/26 4:59
41518043,10,1008,2,2.44,2018/8/26 5:59
41518614,10,1008,2,2.51,2018/8/26 6:59
41519185,10,1008,2,3.6,2018/8/26 7:59
41519756,10,1008,2,4.03,2018/8/26 8:59
41520327,10,1008,2,5.24,2018/8/26 9:59
41520898,10,1008,2,4.6,2018/8/26 10:59
41521469,10,1008,2,4.87,2018/8/26 11:59
41522040,10,1008,2,5.79,2018/8/26 12:59
41522611,10,1008,2,6.2,2018/8/26 13:59
41523182,10,1008,2,6.2,2018/8/26 14:59
41523753,10,1008,2,5.87,2018/8/26 15:59
41524324,10,1008,2,6.12,2018/8/26 16:59
41524895,10,1008,2,4.6,2018/8/26 17:59
41525466,10,1008,2,3.98,2018/8/26 18:59
41526037,10,1008,2,4.21,2018/8/26 19:59
41526608,10,1008,2,3.54,2018/8/26 20:59
41527179,10,1008,2,3.97,2018/8/26 21:59
41527750,10,1008,2,2.93,2018/8/26 22:59
41528321,10,1008,2,2.8,2018/8/26 23:59
41528892,10,1008,2,2.82,2018/8/27 0:59
41529463,10,1008,2,2.74,2018/8/27 1:59
41530034,10,1008,2,2.9,2018/8/27 2:59
41530605,10,1008,2,2.62,2018/8/27 3:59
41531176,10,1008,2,2.77,2018/8/27 4:59
41531747,10,1008,2,2.64,2018/8/27 5:59
41532318,10,1008,2,2.73,2018/8/27 6:59
41532889,10,1008,2,3.92,2018/8/27 7:59
41533460,10,1008,2,5.13,2018/8/27 8:59
41534031,10,1008,2,8.7,2018/8/27 9:59
41534602,10,1008,2,8.67,2018/8/27 10:59
41535173,10,1008,2,8.22,2018/8/27 11:59
41535744,10,1008,2,7.71,2018/8/27 12:59
41536315,10,1008,2,7.43,2018/8/27 13:59
41536886,10,1008,2,8.38,2018/8/27 14:59
41537457,10,1008,2,8.2,2018/8/27 15:59
41538028,10,1008,2,7.17,2018/8/27 16:59
41538599,10,1008,2,6.67,2018/8/27 17:59
41539170,10,1008,2,4.88,2018/8/27 18:59
41539741,10,1008,2,4.35,2018/8/27 19:59
41540312,10,1008,2,4.53,2018/8/27 20:59
41540883,10,1008,2,4.31,2018/8/27 21:59
41541454,10,1008,2,2.71,2018/8/27 22:59
41542025,10,1008,2,2.6,2018/8/27 23:59
41542596,10,1008,2,2.59,2018/8/28 0:59
41543167,10,1008,2,2.64,2018/8/28 1:59
41543738,10,1008,2,2.59,2018/8/28 2:59
41544309,10,1008,2,2.45,2018/8/28 3:59
41544880,10,1008,2,2.63,2018/8/28 4:59
41545451,10,1008,2,2.49,2018/8/28 5:59
41546022,10,1008,2,2.62,2018/8/28 6:59
41546593,10,1008,2,3.64,2018/8/28 7:59
41547164,10,1008,2,6.15,2018/8/28 8:59
41547735,10,1008,2,8.38,2018/8/28 9:59
41548306,10,1008,2,8,2018/8/28 10:59
41548877,10,1008,2,7.17,2018/8/28 11:59
41549448,10,1008,2,5.68,2018/8/28 12:59
41550019,10,1008,2,6.42,2018/8/28 13:59
41550590,10,1008,2,6.47,2018/8/28 14:59
41551161,10,1008,2,6.84,2018/8/28 15:59
41551732,10,1008,2,7.08,2018/8/28 16:59
41552303,10,1008,2,5.9,2018/8/28 17:59
41552874,10,1008,2,4.83,2018/8/28 18:59
41553445,10,1008,2,4.6,2018/8/28 19:59
41554016,10,1008,2,4.13,2018/8/28 20:59
41554587,10,1008,2,3.72,2018/8/28 21:59
41555158,10,1008,2,2.68,2018/8/28 22:59
41555729,10,1008,2,2.41,2018/8/28 23:59
41556300,10,1008,2,2.54,2018/8/29 0:59
41556871,10,1008,2,2.47,2018/8/29 1:59
41557442,10,1008,2,2.52,2018/8/29 2:59
41558013,10,1008,2,2.41,2018/8/29 3:59
41558584,10,1008,2,2.48,2018/8/29 4:59
41559155,10,1008,2,2.43,2018/8/29 5:59
41559726,10,1008,2,2.35,2018/8/29 6:59
41560297,10,1008,2,3.34,2018/8/29 7:59
41560868,10,1008,2,4.87,2018/8/29 8:59
41561439,10,1008,2,8.84,2018/8/29 9:59
41562010,10,1008,2,8.02,2018/8/29 10:59
41562581,10,1008,2,7.35,2018/8/29 11:59
41563152,10,1008,2,7.33,2018/8/29 12:59
41563723,10,1008,2,7.14,2018/8/29 13:59
41564294,10,1008,2,8.18,2018/8/29 14:59
41564865,10,1008,2,8.76,2018/8/29 15:59
41565436,10,1008,2,7.34,2018/8/29 16:59
41566007,10,1008,2,6.78,2018/8/29 17:59
41566578,10,1008,2,5.64,2018/8/29 18:59
41567149,10,1008,2,4.54,2018/8/29 19:59
41567720,10,1008,2,4.49,2018/8/29 20:59
41568291,10,1008,2,5.45,2018/8/29 21:59
41568862,10,1008,2,3.05,2018/8/29 22:59
41569433,10,1008,2,2.75,2018/8/29 23:59
41570004,10,1008,2,2.61,2018/8/30 0:59
41570575,10,1008,2,2.62,2018/8/30 1:59
41571146,10,1008,2,2.63,2018/8/30 2:59
41571717,10,1008,2,2.59,2018/8/30 3:59
41572288,10,1008,2,2.54,2018/8/30 4:59
41572859,10,1008,2,2.74,2018/8/30 5:59
41573430,10,1008,2,2.57,2018/8/30 6:59
41574001,10,1008,2,3.98,2018/8/30 7:59
41574572,10,1008,2,5.64,2018/8/30 8:59
41575143,10,1008,2,9.46,2018/8/30 9:59
41575714,10,1008,2,8.54,2018/8/30 10:59
41576285,10,1008,2,8.04,2018/8/30 11:59
41576856,10,1008,2,8.46,2018/8/30 12:59
41577427,10,1008,2,8.27,2018/8/30 13:59
41577998,10,1008,2,8.48,2018/8/30 14:59
41578569,10,1008,2,7.5,2018/8/30 15:59
41579140,10,1008,2,7.65,2018/8/30 16:59
41579711,10,1008,2,7.86,2018/8/30 17:59
41580282,10,1008,2,4.92,2018/8/30 18:59
41580853,10,1008,2,4.33,2018/8/30 19:59
41581424,10,1008,2,4.43,2018/8/30 20:59
41581995,10,1008,2,4.57,2018/8/30 21:59
41582566,10,1008,2,3.01,2018/8/30 22:59
41583137,10,1008,2,2.64,2018/8/30 23:59
41583708,10,1008,2,2.61,2018/8/31 0:59
41584279,10,1008,2,2.66,2018/8/31 1:59
41584850,10,1008,2,2.5,2018/8/31 2:59
41585421,10,1008,2,2.79,2018/8/31 3:59
41585992,10,1008,2,2.72,2018/8/31 4:59
41586563,10,1008,2,2.64,2018/8/31 5:59
41587134,10,1008,2,2.97,2018/8/31 6:59
41587705,10,1008,2,3.8,2018/8/31 7:59
41588276,10,1008,2,5.81,2018/8/31 8:59
41588847,10,1008,2,8.99,2018/8/31 9:59
41589418,10,1008,2,7.66,2018/8/31 10:59
41589989,10,1008,2,7.04,2018/8/31 11:59
41590560,10,1008,2,6.92,2018/8/31 12:59
41591131,10,1008,2,8.75,2018/8/31 13:59
41591702,10,1008,2,8.26,2018/8/31 14:59
41592273,10,1008,2,8.98,2018/8/31 15:59
41592844,10,1008,2,7.04,2018/8/31 16:59
41593415,10,1008,2,6.21,2018/8/31 17:59
41593986,10,1008,2,5.26,2018/8/31 18:59
41594557,10,1008,2,5.26,2018/8/31 19:59
41595128,10,1008,2,4.82,2018/8/31 20:59
41595699,10,1008,2,5.05,2018/8/31 21:59
41596270,10,1008,2,3.52,2018/8/31 22:59
41596841,10,1008,2,2.8,2018/8/31 23:59
41597412,10,1008,2,2.85,2018/9/1 0:59
41597983,10,1008,2,2.82,2018/9/1 1:59
41598554,10,1008,2,2.6,2018/9/1 2:59
41599125,10,1008,2,2.8,2018/9/1 3:59
41599696,10,1008,2,2.71,2018/9/1 4:59
41600267,10,1008,2,2.76,2018/9/1 5:59
41600838,10,1008,2,2.7,2018/9/1 6:59
41601409,10,1008,2,4.1,2018/9/1 7:59
41601980,10,1008,2,4.47,2018/9/1 8:59
41602551,10,1008,2,5.52,2018/9/1 9:59
41603122,10,1008,2,5.93,2018/9/1 10:59
41603693,10,1008,2,5.29,2018/9/1 11:59
41604264,10,1008,2,5.43,2018/9/1 12:59
41604835,10,1008,2,5.08,2018/9/1 13:59
41605406,10,1008,2,6.08,2018/9/1 14:59
41605977,10,1008,2,6.28,2018/9/1 15:59
41606548,10,1008,2,5.65,2018/9/1 16:59
41607119,10,1008,2,5.04,2018/9/1 17:59
41607690,10,1008,2,4.18,2018/9/1 18:59
41608261,10,1008,2,3.85,2018/9/1 19:59
41608832,10,1008,2,4.02,2018/9/1 20:59
41609403,10,1008,2,4.09,2018/9/1 21:59
41609974,10,1008,2,3.38,2018/9/1 22:59
41610545,10,1008,2,2.99,2018/9/1 23:59
41611116,10,1008,2,2.7,2018/9/2 0:59
41611687,10,1008,2,2.61,2018/9/2 1:59
41612258,10,1008,2,2.6,2018/9/2 2:59
41612829,10,1008,2,2.71,2018/9/2 3:59
41613400,10,1008,2,2.86,2018/9/2 4:59
41613971,10,1008,2,2.95,2018/9/2 5:59
41614542,10,1008,2,2.88,2018/9/2 6:59
41615113,10,1008,2,3.94,2018/9/2 7:59
41615684,10,1008,2,5.22,2018/9/2 8:59
41616255,10,1008,2,5.64,2018/9/2 9:59
41616826,10,1008,2,6.11,2018/9/2 10:59
41617397,10,1008,2,6.32,2018/9/2 11:59
41617968,10,1008,2,6.24,2018/9/2 12:59
41618539,10,1008,2,6.51,2018/9/2 13:59
41619110,10,1008,2,6.04,2018/9/2 14:59
41619681,10,1008,2,5.87,2018/9/2 15:59
41620252,10,1008,2,5.35,2018/9/2 16:59
41620823,10,1008,2,5.32,2018/9/2 17:59
41621394,10,1008,2,4.86,2018/9/2 18:59
41621965,10,1008,2,5.65,2018/9/2 19:59
41622536,10,1008,2,4.15,2018/9/2 20:59
41623107,10,1008,2,4.37,2018/9/2 21:59
41623678,10,1008,2,3,2018/9/2 22:59
41624249,10,1008,2,2.82,2018/9/2 23:59
41624820,10,1008,2,2.83,2018/9/3 0:59
41625391,10,1008,2,2.58,2018/9/3 1:59
41625962,10,1008,2,2.54,2018/9/3 2:59
41626533,10,1008,2,2.51,2018/9/3 3:59
41627104,10,1008,2,2.77,2018/9/3 4:59
41627675,10,1008,2,2.86,2018/9/3 5:59
41628246,10,1008,2,3.98,2018/9/3 6:59
41628817,10,1008,2,4.17,2018/9/3 7:59
41629388,10,1008,2,6.97,2018/9/3 8:59
41629959,10,1008,2,10.78,2018/9/3 9:59
41630530,10,1008,2,9.56,2018/9/3 10:59
41631101,10,1008,2,9.45,2018/9/3 11:59
41631672,10,1008,2,9.38,2018/9/3 12:59
41632243,10,1008,2,9.58,2018/9/3 13:59
41632814,10,1008,2,9.67,2018/9/3 14:59
41633385,10,1008,2,9.61,2018/9/3 15:59
41633956,10,1008,2,9.3,2018/9/3 16:59
41634527,10,1008,2,7.98,2018/9/3 17:59
41635098,10,1008,2,6.55,2018/9/3 18:59
41635669,10,1008,2,6.13,2018/9/3 19:59
41636240,10,1008,2,5.29,2018/9/3 20:59
41636811,10,1008,2,5.49,2018/9/3 21:59
41637382,10,1008,2,2.93,2018/9/3 22:59
41637953,10,1008,2,2.79,2018/9/3 23:59
41638524,10,1008,2,2.73,2018/9/4 0:59
41639095,10,1008,2,2.67,2018/9/4 1:59
41639666,10,1008,2,2.69,2018/9/4 2:59
41640237,10,1008,2,2.68,2018/9/4 3:59
41640808,10,1008,2,2.77,2018/9/4 4:59
41641379,10,1008,2,2.62,2018/9/4 5:59
41641950,10,1008,2,2.64,2018/9/4 6:59
41642521,10,1008,2,4.3,2018/9/4 7:59
41643092,10,1008,2,7.26,2018/9/4 8:59
41643663,10,1008,2,10.25,2018/9/4 9:59
41644234,10,1008,2,9.23,2018/9/4 10:59
41644805,10,1008,2,8.98,2018/9/4 11:59
41645376,10,1008,2,8.94,2018/9/4 12:59
41645947,10,1008,2,10.2,2018/9/4 13:59
41646518,10,1008,2,10.22,2018/9/4 14:59
41647089,10,1008,2,9.68,2018/9/4 15:59
41647660,10,1008,2,9.19,2018/9/4 16:59
41648231,10,1008,2,7.25,2018/9/4 17:59
41648802,10,1008,2,5.84,2018/9/4 18:59
41649373,10,1008,2,6.21,2018/9/4 19:59
41649944,10,1008,2,4.12,2018/9/4 20:59
41650515,10,1008,2,4.76,2018/9/4 21:59
41651086,10,1008,2,3.7,2018/9/4 22:59
41651657,10,1008,2,3.2,2018/9/4 23:59
41652228,10,1008,2,2.63,2018/9/5 0:59
41652799,10,1008,2,2.57,2018/9/5 1:59
41653370,10,1008,2,2.62,2018/9/5 2:59
41653941,10,1008,2,2.65,2018/9/5 3:59
41654512,10,1008,2,2.56,2018/9/5 4:59
41655083,10,1008,2,2.63,2018/9/5 5:59
41655654,10,1008,2,2.88,2018/9/5 6:59
41656225,10,1008,2,5.12,2018/9/5 7:59
41656796,10,1008,2,5.32,2018/9/5 8:59
41657367,10,1008,2,10.12,2018/9/5 9:59
41657938,10,1008,2,8.71,2018/9/5 10:59
41658509,10,1008,2,8.89,2018/9/5 11:59
41659080,10,1008,2,7.82,2018/9/5 12:59
41659651,10,1008,2,8.37,2018/9/5 13:59
41660222,10,1008,2,9.26,2018/9/5 14:59
41660793,10,1008,2,10.06,2018/9/5 15:59
41661364,10,1008,2,8.7,2018/9/5 16:59
41661935,10,1008,2,7.68,2018/9/5 17:59
41662506,10,1008,2,6.31,2018/9/5 18:59
41663077,10,1008,2,5.3,2018/9/5 19:59
41663648,10,1008,2,4.42,2018/9/5 20:59
41664219,10,1008,2,5.75,2018/9/5 21:59
41664790,10,1008,2,3.41,2018/9/5 22:59
41665361,10,1008,2,2.82,2018/9/5 23:59
41665932,10,1008,2,2.81,2018/9/6 0:59
41666503,10,1008,2,2.77,2018/9/6 1:59
41667074,10,1008,2,2.72,2018/9/6 2:59
41667645,10,1008,2,2.82,2018/9/6 3:59
41668216,10,1008,2,2.72,2018/9/6 4:59
41668787,10,1008,2,2.82,2018/9/6 5:59
41669358,10,1008,2,2.62,2018/9/6 6:59
